season,week,matchup,spread_line_home,score,tier,pick,outcome,final
2020,3,MIA @ JAX,3.0,3.52,LEAN,home,LOST,31-13
2020,3,CHI @ ATL,2.5,7,LEAN,away,WON,30-26
2020,3,WAS @ CLE,7.5,7,LEAN,away,LOST,20-34
2020,3,TEN @ MIN,-3.0,3.09,LEAN,home,WON,31-30
2020,3,LV @ NE,7.0,7,LEAN,away,LOST,20-36
2020,3,SF @ NYG,-3.0,3.89,LEAN,home,LOST,36-9
2020,3,CIN @ PHI,5.5,7,LEAN,away,WON,23-23
2020,3,NYJ @ IND,12.5,7,LEAN,away,LOST,7-36
2020,3,CAR @ LAC,6.0,7,LEAN,away,WON,21-16
2020,3,TB @ DEN,-6.0,3,LEAN,home,LOST,28-10
2020,3,DAL @ SEA,5.5,6.61,LEAN,away,LOST,31-38
2020,3,GB @ NO,3.5,7,LEAN,away,WON,37-30
2020,4,ARI @ CAR,-3.0,3.2,LEAN,home,WON,21-31
2020,4,CLE @ DAL,3.5,6.35,LEAN,away,WON,49-38
2020,4,NO @ DET,-3.0,3.04,LEAN,home,LOST,35-29
2020,4,MIN @ HOU,3.5,6.72,LEAN,away,WON,31-23
2020,4,SEA @ MIA,-4.5,3,LEAN,home,LOST,31-23
2020,4,LAC @ TB,7.5,7,LEAN,away,WON,31-38
2020,4,BAL @ WAS,-14.5,3,LEAN,home,WON,31-17
2020,4,NYG @ LA,13.5,7,LEAN,away,WON,9-17
2020,4,IND @ CHI,-3.5,3,LEAN,home,LOST,19-11
2020,4,BUF @ LV,-3.0,3,LEAN,home,LOST,30-23
2020,4,PHI @ SF,8.5,6.44,LEAN,away,WON,25-20
2020,4,NE @ KC,7.0,7,LEAN,away,LOST,10-26
2020,5,TB @ CHI,-3.5,3,LEAN,home,WON,19-20
2020,5,CAR @ ATL,2.5,6.89,LEAN,away,WON,23-16
2020,5,CIN @ BAL,12.5,7,LEAN,away,LOST,3-27
2020,5,JAX @ HOU,6.5,7,LEAN,away,LOST,14-30
2020,5,LV @ KC,11.0,7,LEAN,away,WON,40-32
2020,5,ARI @ NYJ,-7.0,3,LEAN,home,LOST,30-10
2020,5,PHI @ PIT,7.5,7,LEAN,away,LOST,29-38
2020,5,LA @ WAS,-7.0,3,LEAN,home,LOST,30-10
2020,5,MIA @ SF,8.5,6.93,LEAN,away,WON,43-17
2020,5,NYG @ DAL,7.5,7,LEAN,away,WON,34-37
2020,5,MIN @ SEA,6.5,7,LEAN,away,WON,26-27
2020,5,LAC @ NO,7.0,7,LEAN,away,WON,27-30
2020,5,BUF @ TEN,-3.0,3,LEAN,home,WON,16-42
2020,6,CIN @ IND,7.5,6.9,LEAN,away,WON,27-31
2020,6,DET @ JAX,-3.0,3,LEAN,home,LOST,34-16
2020,6,DEN @ NE,7.0,7,LEAN,away,WON,18-12
2020,6,BAL @ PHI,-10.5,3,LEAN,home,WON,30-28
2020,6,NYJ @ MIA,9.5,7,LEAN,away,LOST,0-24
2020,6,GB @ TB,-3.0,3,LEAN,home,WON,10-38
2020,6,KC @ BUF,-5.5,3,LEAN,home,LOST,26-17
2020,6,ARI @ DAL,1.0,6.05,LEAN,away,WON,38-10
2020,7,NYG @ PHI,5.0,6.94,LEAN,away,WON,21-22
2020,7,CLE @ CIN,-4.5,3,LEAN,home,WON,37-34
2020,7,GB @ HOU,-2.5,3.44,LEAN,home,LOST,35-20
2020,7,CAR @ NO,7.0,7,LEAN,away,WON,24-27
2020,7,BUF @ NYJ,-9.5,3,LEAN,home,WON,18-10
2020,7,DAL @ WAS,-1.0,3.29,LEAN,home,WON,3-25
2020,7,TB @ LV,-3.5,3.61,LEAN,home,LOST,45-20
2020,7,KC @ DEN,-7.0,3,LEAN,home,LOST,43-16
2020,7,JAX @ LAC,8.0,7,LEAN,away,LOST,29-39
2020,7,SF @ NE,3.0,6.3,LEAN,away,WON,33-6
2020,7,SEA @ ARI,-3.5,3,LEAN,home,WON,34-37
2020,7,CHI @ LA,6.5,6.88,LEAN,away,LOST,10-24
2020,8,PIT @ BAL,4.0,6.9,LEAN,away,WON,28-24
2020,8,TEN @ CIN,-7.5,3,LEAN,home,WON,20-31
2020,8,LV @ CLE,1.0,3.93,LEAN,home,LOST,16-6
2020,8,IND @ DET,-3.5,3.2,LEAN,home,LOST,41-21
2020,8,MIN @ GB,5.5,6.79,LEAN,away,WON,28-22
2020,8,NYJ @ KC,20.0,7,LEAN,away,LOST,9-35
2020,8,LA @ MIA,-3.5,3.22,LEAN,home,WON,17-28
2020,8,LAC @ DEN,-3.0,3.46,LEAN,home,WON,30-31
2020,8,NO @ CHI,-5.5,3,LEAN,home,WON,26-23
2020,8,DAL @ PHI,10.0,7,LEAN,away,LOST,9-23
2020,8,TB @ NYG,-13.0,3,LEAN,home,WON,25-23
2020,9,GB @ SF,-6.0,3,LEAN,home,LOST,34-17
2020,9,DEN @ ATL,4.5,6.49,LEAN,away,LOST,27-34
2020,9,SEA @ BUF,-3.0,3,LEAN,home,WON,34-44
2020,9,HOU @ JAX,-7.0,3,LEAN,home,WON,27-25
2020,9,CAR @ KC,10.0,7,LEAN,away,WON,31-33
2020,9,CHI @ TEN,6.5,7,LEAN,away,LOST,17-24
2020,9,LV @ LAC,-1.0,3,LEAN,home,LOST,31-26
2020,9,MIA @ ARI,6.0,7,LEAN,away,WON,34-31
2020,9,PIT @ DAL,-14.0,3,LEAN,home,WON,24-19
2020,9,NE @ NYJ,-9.5,3,LEAN,home,WON,30-27
2020,10,IND @ TEN,-1.0,3.95,LEAN,home,LOST,34-17
2020,10,TB @ CAR,-6.0,3,LEAN,home,LOST,46-23
2020,10,HOU @ CLE,4.5,6.48,LEAN,away,WON,7-10
2020,10,WAS @ DET,2.5,6.47,LEAN,away,LOST,27-30
2020,10,JAX @ GB,13.5,7,LEAN,away,WON,20-24
2020,10,PHI @ NYG,-4.5,3,LEAN,home,WON,17-27
2020,10,DEN @ LV,3.5,6.04,LEAN,away,LOST,12-37
2020,10,SF @ NO,9.5,7,LEAN,away,LOST,13-27
2020,10,CIN @ PIT,6.5,6.07,LEAN,away,LOST,10-36
2020,10,BAL @ NE,-7.0,3,LEAN,home,WON,17-23
2020,10,MIN @ CHI,-3.5,3,LEAN,home,LOST,19-13
2020,11,ARI @ SEA,3.0,6.93,LEAN,away,LOST,21-28
2020,11,TEN @ BAL,6.0,7,LEAN,away,WON,30-24
2020,11,DET @ CAR,-3.0,3,LEAN,home,WON,0-20
2020,11,NE @ HOU,-2.5,3,LEAN,home,WON,20-27
2020,11,PIT @ JAX,-11.0,3,LEAN,home,LOST,27-3
2020,11,MIA @ DEN,-4.0,3,LEAN,home,WON,13-20
2020,11,NYJ @ LAC,10.0,7,LEAN,away,WON,28-34
2020,11,DAL @ MIN,7.0,6.52,LEAN,away,WON,31-28
2020,11,KC @ LV,-7.5,3,LEAN,home,WON,35-31
2020,11,LA @ TB,4.0,7,LEAN,away,WON,27-24
2020,12,HOU @ DET,-3.0,3,LEAN,home,LOST,41-25
2020,12,WAS @ DAL,2.5,6.64,LEAN,away,WON,41-16
2020,12,LV @ ATL,-3.5,3,LEAN,home,WON,6-43
2020,12,LAC @ BUF,4.5,7,LEAN,away,LOST,17-27
2020,12,NYG @ CIN,-6.5,3,LEAN,home,WON,19-17
2020,12,CLE @ JAX,-7.5,3,LEAN,home,WON,27-25
2020,12,MIA @ NYJ,-7.5,3,LEAN,home,LOST,20-3
2020,12,NO @ DEN,-17.0,3,LEAN,home,LOST,31-3
2020,12,KC @ TB,-3.5,3,LEAN,home,WON,27-24
2020,12,CHI @ GB,7.5,7,LEAN,away,LOST,25-41
2020,12,SEA @ PHI,-6.5,3,LEAN,home,WON,23-17
2020,12,BAL @ PIT,10.5,7,LEAN,away,WON,14-19
2020,13,IND @ HOU,-3.5,3,LEAN,home,LOST,26-20
2020,13,CIN @ MIA,10.5,7,LEAN,away,LOST,7-19
2020,13,JAX @ MIN,10.5,7,LEAN,away,WON,24-27
2020,13,LV @ NYJ,-7.5,3,LEAN,home,WON,31-28
2020,13,CLE @ TEN,4.0,6.35,LEAN,away,WON,41-35
2020,13,LA @ ARI,-2.5,3.3,LEAN,home,LOST,38-28
2020,13,NYG @ SEA,11.0,7,LEAN,away,WON,17-12
2020,13,PHI @ GB,8.0,7,LEAN,away,LOST,16-30
2020,13,DEN @ KC,13.0,7,LEAN,away,WON,16-22
2020,13,WAS @ PIT,5.5,6.09,LEAN,away,WON,23-17
2020,13,DAL @ BAL,8.5,7,LEAN,away,LOST,17-34
2020,14,HOU @ CHI,-1.0,3.78,LEAN,home,WON,7-36
2020,14,DAL @ CIN,-3.0,3,LEAN,home,LOST,30-7
2020,14,TEN @ JAX,-7.5,3,LEAN,home,LOST,31-10
2020,14,KC @ MIA,-7.5,3,LEAN,home,WON,33-27
2020,14,ARI @ NYG,-3.0,3.01,LEAN,home,LOST,26-7
2020,14,MIN @ TB,7.0,7,LEAN,away,LOST,14-26
2020,14,IND @ LV,-2.5,3.75,LEAN,home,LOST,44-27
2020,14,NYJ @ SEA,16.5,7,LEAN,away,LOST,3-40
2020,14,GB @ DET,-9.5,3,LEAN,home,WON,31-24
2020,14,NO @ PHI,-7.5,3,LEAN,home,WON,21-24
2020,14,PIT @ BUF,2.0,6.63,LEAN,away,LOST,15-26
2020,14,BAL @ CLE,-3.0,3,LEAN,home,LOST,47-42
2020,15,LAC @ LV,3.5,7,LEAN,away,WON,30-27
2020,15,BUF @ DEN,-5.5,3,LEAN,home,LOST,48-19
2020,15,CAR @ GB,9.5,7,LEAN,away,WON,16-24
2020,15,TB @ ATL,-6.0,3,LEAN,home,WON,31-27
2020,15,JAX @ BAL,13.0,7,LEAN,away,LOST,14-40
2020,15,SF @ DAL,-4.0,3,LEAN,home,WON,33-41
2020,15,HOU @ IND,7.5,7,LEAN,away,WON,20-27
2020,15,NE @ MIA,-1.5,3,LEAN,home,WON,12-22
2020,15,DET @ TEN,9.5,7,LEAN,away,LOST,25-46
2020,15,SEA @ WAS,-6.0,3,LEAN,home,WON,20-15
2020,15,PHI @ ARI,6.5,6.46,LEAN,away,LOST,26-33
2020,15,NYJ @ LA,17.5,7,LEAN,away,WON,23-20
2020,15,KC @ NO,-2.5,3,LEAN,home,LOST,32-29
2020,15,CLE @ NYG,-6.0,3,LEAN,home,LOST,20-6
2020,15,PIT @ CIN,-14.5,3,LEAN,home,WON,17-27
2020,16,MIN @ NO,6.5,7,LEAN,away,LOST,33-52
2020,16,TB @ DET,-12.0,3,LEAN,home,LOST,47-7
2020,16,SF @ ARI,6.0,7,LEAN,away,WON,20-12
2020,16,MIA @ LV,-2.0,3.8,LEAN,home,WON,26-25
2020,16,NYG @ BAL,10.0,7,LEAN,away,LOST,13-27
2020,16,CIN @ HOU,7.5,7,LEAN,away,WON,37-31
2020,16,CHI @ JAX,-9.5,3,LEAN,home,LOST,41-17
2020,16,ATL @ KC,11.0,7,LEAN,away,WON,14-17
2020,16,CLE @ NYJ,-6.5,3,LEAN,home,WON,16-23
2020,16,IND @ PIT,-1.0,3,LEAN,home,WON,24-28
2020,16,CAR @ WAS,-1.0,3,LEAN,home,LOST,20-13
2020,16,PHI @ DAL,-3.0,3,LEAN,home,WON,17-37
2020,16,LA @ SEA,1.5,6.47,LEAN,away,LOST,9-20
2020,16,BUF @ NE,-7.0,3,LEAN,home,LOST,38-9
2020,17,MIA @ BUF,-3.5,3,LEAN,home,WON,26-56
2020,17,BAL @ CIN,-13.5,3,LEAN,home,LOST,38-3
2020,17,PIT @ CLE,10.5,7,LEAN,away,WON,22-24
2020,17,DAL @ NYG,-1.5,3,LEAN,home,WON,19-23
2020,17,ATL @ TB,7.5,7,LEAN,away,LOST,27-44
2020,17,NO @ CAR,-6.0,3,LEAN,home,LOST,33-7
2020,17,GB @ CHI,-4.5,3,LEAN,home,LOST,35-16
2020,17,LV @ DEN,-2.5,3,LEAN,home,WON,32-31
2020,17,TEN @ HOU,-7.0,3,LEAN,home,WON,41-38
2020,17,JAX @ IND,15.5,7,LEAN,away,WON,14-28
2020,17,LAC @ KC,-7.0,3,LEAN,home,LOST,38-21
2020,17,ARI @ LA,1.0,3.57,LEAN,home,WON,7-18
2020,17,SEA @ SF,-7.0,3,LEAN,home,WON,26-23
2020,17,WAS @ PHI,-6.5,3,LEAN,home,WON,20-14
2021,3,CAR @ HOU,-8.0,3,LEAN,home,LOST,24-9
2021,3,WAS @ BUF,7.5,7,LEAN,away,LOST,21-43
2021,3,CHI @ CLE,7.5,7,LEAN,away,LOST,6-26
2021,3,BAL @ DET,-7.5,3,LEAN,home,WON,19-17
2021,3,ARI @ JAX,-8.0,3,LEAN,home,LOST,31-19
2021,3,LAC @ KC,6.5,7,LEAN,away,WON,30-24
2021,3,NO @ NE,3.0,6.0,LEAN,away,WON,28-13
2021,3,IND @ TEN,4.5,6.94,LEAN,away,LOST,16-25
2021,3,NYJ @ DEN,10.5,7,LEAN,away,LOST,0-26
2021,3,MIA @ LV,4.0,3.87,LEAN,home,LOST,28-31
2021,3,TB @ LA,-1.0,3,LEAN,home,WON,24-34
2021,3,SEA @ MIN,-2.0,3.03,LEAN,home,WON,17-30
2021,3,PHI @ DAL,3.5,7,LEAN,away,LOST,21-41
2021,4,JAX @ CIN,7.5,7,LEAN,away,WON,21-24
2021,4,HOU @ BUF,19.0,7,LEAN,away,LOST,0-40
2021,4,DET @ CHI,3.0,6.25,LEAN,away,LOST,14-24
2021,4,CAR @ DAL,4.5,7,LEAN,away,LOST,28-36
2021,4,NYG @ NO,7.5,7,LEAN,away,WON,27-21
2021,4,TEN @ NYJ,-5.5,3,LEAN,home,WON,24-27
2021,4,KC @ PHI,-7.5,3,LEAN,home,LOST,42-30
2021,4,ARI @ LA,3.5,6.86,LEAN,away,WON,37-20
2021,4,BAL @ DEN,1.0,3,LEAN,home,LOST,23-7
2021,4,PIT @ GB,6.5,7,LEAN,away,LOST,17-27
2021,4,TB @ NE,-6.0,3,LEAN,home,WON,19-17
2021,4,LV @ LAC,3.0,6.15,LEAN,away,LOST,14-28
2021,5,LA @ SEA,-2.5,3,LEAN,home,LOST,26-17
2021,5,NYJ @ ATL,3.0,6.21,LEAN,away,LOST,20-27
2021,5,PHI @ CAR,2.5,3.79,LEAN,home,LOST,21-18
2021,5,GB @ CIN,-2.0,3,LEAN,home,LOST,25-22
2021,5,NE @ HOU,-8.0,3,LEAN,home,WON,25-22
2021,5,TEN @ JAX,-4.0,3,LEAN,home,LOST,37-19
2021,5,DET @ MIN,10.0,7,LEAN,away,WON,17-19
2021,5,MIA @ TB,11.0,7,LEAN,away,LOST,17-45
2021,5,NO @ WAS,-2.5,3.46,LEAN,home,LOST,33-22
2021,5,CLE @ LAC,2.5,6.47,LEAN,away,LOST,42-47
2021,5,CHI @ LV,5.5,6.22,LEAN,away,WON,20-9
2021,5,SF @ ARI,6.0,6.96,LEAN,away,LOST,10-17
2021,5,NYG @ DAL,7.5,7,LEAN,away,LOST,20-44
2021,5,BUF @ KC,2.5,7,LEAN,away,WON,38-20
2021,5,IND @ BAL,7.5,7,LEAN,away,WON,25-31
2021,6,TB @ PHI,-7.0,3,LEAN,home,WON,28-22
2021,6,MIA @ JAX,-2.5,3,LEAN,home,WON,20-23
2021,6,LAC @ BAL,3.0,6.46,LEAN,away,LOST,6-34
2021,6,MIN @ CAR,-2.5,3,LEAN,home,LOST,34-28
2021,6,GB @ CHI,-5.5,3,LEAN,home,LOST,24-14
2021,6,CIN @ DET,-3.5,3.48,LEAN,home,LOST,34-11
2021,6,HOU @ IND,10.5,7,LEAN,away,LOST,3-31
2021,6,LA @ NYG,-7.5,3,LEAN,home,LOST,38-11
2021,6,KC @ WAS,-6.0,3,LEAN,home,LOST,31-13
2021,6,ARI @ CLE,3.0,6.68,LEAN,away,WON,37-14
2021,6,DAL @ NE,-3.5,3.23,LEAN,home,LOST,35-29
2021,6,SEA @ PIT,5.5,7,LEAN,away,WON,20-23
2021,6,BUF @ TEN,-6.0,3.09,LEAN,home,WON,31-34
2021,7,CIN @ BAL,6.5,7,LEAN,away,WON,41-17
2021,7,WAS @ GB,8.5,7,LEAN,away,LOST,10-24
2021,7,ATL @ MIA,-1.5,3.75,LEAN,home,LOST,30-28
2021,7,NYJ @ NE,7.0,7,LEAN,away,LOST,13-54
2021,7,KC @ TEN,-4.0,3,LEAN,home,WON,3-27
2021,7,DET @ LA,17.0,7,LEAN,away,WON,19-28
2021,7,HOU @ ARI,20.5,7,LEAN,away,LOST,5-31
2021,7,CHI @ TB,12.5,7,LEAN,away,LOST,3-38
2021,7,NO @ SEA,-6.0,3,LEAN,home,WON,13-10
2021,8,GB @ ARI,6.5,6.07,LEAN,away,WON,24-21
2021,8,CAR @ ATL,2.5,7,LEAN,away,WON,19-13
2021,8,MIA @ BUF,15.0,7,LEAN,away,PUSH,11-26
2021,8,SF @ CHI,-4.5,3,LEAN,home,LOST,33-22
2021,8,PIT @ CLE,5.5,6.04,LEAN,away,WON,15-10
2021,8,PHI @ DET,-3.0,3.45,LEAN,home,LOST,44-6
2021,8,LA @ HOU,-17.0,3,LEAN,home,WON,38-22
2021,8,TEN @ IND,3.0,6.11,LEAN,away,WON,34-31
2021,8,CIN @ NYJ,-11.5,3,LEAN,home,WON,31-34
2021,8,NE @ LAC,3.5,6.21,LEAN,away,WON,27-24
2021,8,TB @ NO,-4.0,3,LEAN,home,WON,27-36
2021,8,DAL @ MIN,4.5,7,LEAN,away,WON,20-16
2021,8,NYG @ KC,10.5,7,LEAN,away,WON,17-20
2021,9,NYJ @ IND,10.5,7,LEAN,away,LOST,30-45
2021,9,MIN @ BAL,7.5,7,LEAN,away,WON,31-34
2021,9,NE @ CAR,-3.5,3,LEAN,home,LOST,24-6
2021,9,DEN @ DAL,10.5,7,LEAN,away,WON,30-16
2021,9,BUF @ JAX,-14.5,3,LEAN,home,WON,6-9
2021,9,ATL @ NO,7.0,6.54,LEAN,away,WON,27-25
2021,9,LV @ NYG,-3.0,3.49,LEAN,home,WON,16-23
2021,9,LAC @ PHI,-1.0,3.48,LEAN,home,LOST,27-24
2021,9,GB @ KC,7.0,7,LEAN,away,WON,7-13
2021,9,ARI @ SF,5.5,7,LEAN,away,WON,31-17
2021,9,TEN @ LA,7.0,7,LEAN,away,WON,28-16
2021,9,CHI @ PIT,7.0,7,LEAN,away,WON,27-29
2021,10,BAL @ MIA,-8.5,3,LEAN,home,WON,10-22
2021,10,ATL @ DAL,8.0,7,LEAN,away,LOST,3-43
2021,10,JAX @ IND,10.5,7,LEAN,away,WON,17-23
2021,10,CLE @ NE,2.5,6.11,LEAN,away,LOST,7-45
2021,10,BUF @ NYJ,-13.0,3,LEAN,home,LOST,45-17
2021,10,DET @ PIT,9.0,7,LEAN,away,WON,16-16
2021,10,NO @ TEN,3.0,6.09,LEAN,away,WON,21-23
2021,10,TB @ WAS,-10.0,3,LEAN,home,WON,19-29
2021,10,CAR @ ARI,7.0,6.32,LEAN,away,WON,34-10
2021,10,MIN @ LAC,3.0,6.24,LEAN,away,WON,27-20
2021,10,PHI @ DEN,1.0,3.77,LEAN,home,LOST,30-13
2021,10,KC @ LV,-2.5,3,LEAN,home,LOST,41-14
2021,10,LA @ SF,-3.5,3,LEAN,home,WON,10-31
2021,11,NE @ ATL,-7.0,3,LEAN,home,LOST,25-0
2021,11,IND @ BUF,7.5,6.21,LEAN,away,WON,41-15
2021,11,BAL @ CHI,-5.0,3,LEAN,home,WON,16-13
2021,11,DET @ CLE,13.0,7,LEAN,away,WON,10-13
2021,11,SF @ JAX,-6.5,3,LEAN,home,LOST,30-10
2021,11,GB @ MIN,-1.0,3.54,LEAN,home,WON,31-34
2021,11,MIA @ NYJ,-3.5,3,LEAN,home,LOST,24-17
2021,11,HOU @ TEN,10.5,7,LEAN,away,WON,22-13
2021,11,CIN @ LV,-1.0,3.43,LEAN,home,LOST,32-13
2021,11,DAL @ KC,2.5,7,LEAN,away,LOST,9-19
2021,11,ARI @ SEA,2.5,7,LEAN,away,WON,23-13
2021,11,PIT @ LAC,5.5,6.87,LEAN,away,WON,37-41
2021,11,NYG @ TB,11.5,7,LEAN,away,LOST,10-30
2021,12,CHI @ DET,-2.0,3.39,LEAN,home,PUSH,16-14
2021,12,LV @ DAL,7.0,7,LEAN,away,WON,36-33
2021,12,BUF @ NO,-7.0,3,LEAN,home,LOST,31-6
2021,12,TB @ IND,-3.0,3.78,LEAN,home,LOST,38-31
2021,12,ATL @ JAX,-1.5,3,LEAN,home,LOST,21-14
2021,12,TEN @ NE,7.5,7,LEAN,away,LOST,13-36
2021,12,PHI @ NYG,-4.0,3.23,LEAN,home,WON,7-13
2021,12,LAC @ DEN,-2.5,3,LEAN,home,WON,13-28
2021,12,LA @ GB,-2.0,3,LEAN,home,WON,28-36
2021,12,CLE @ BAL,3.0,6.63,LEAN,away,LOST,10-16
2021,12,SEA @ WAS,-1.0,3.44,LEAN,home,WON,15-17
2021,13,DAL @ NO,-6.0,3,LEAN,home,LOST,27-17
2021,13,TB @ ATL,-11.0,3,LEAN,home,LOST,30-17
2021,13,ARI @ CHI,-7.5,3,LEAN,home,LOST,33-22
2021,13,MIN @ DET,-7.0,3,LEAN,home,WON,27-29
2021,13,IND @ HOU,-10.0,3,LEAN,home,LOST,31-0
2021,13,NYG @ MIA,6.5,7,LEAN,away,LOST,9-20
2021,13,PHI @ NYJ,-5.0,3.25,LEAN,home,LOST,33-18
2021,13,JAX @ LA,14.0,7,LEAN,away,LOST,7-37
2021,13,WAS @ LV,1.0,3.95,LEAN,home,LOST,17-15
2021,13,BAL @ PIT,-4.0,3,LEAN,home,WON,19-20
2021,13,SF @ SEA,-3.0,3.94,LEAN,home,WON,23-30
2021,13,DEN @ KC,8.5,7,LEAN,away,LOST,9-22
2021,14,ATL @ CAR,2.5,3.3,LEAN,home,LOST,29-21
2021,14,SEA @ HOU,-10.0,3,LEAN,home,LOST,33-13
2021,14,LV @ KC,10.0,7,LEAN,away,LOST,9-48
2021,14,NO @ NYJ,-4.5,3.19,LEAN,home,LOST,30-9
2021,14,JAX @ TEN,8.5,7,LEAN,away,LOST,0-20
2021,14,DAL @ WAS,-6.5,3,LEAN,home,LOST,27-20
2021,14,DET @ DEN,13.0,7,LEAN,away,LOST,10-38
2021,14,NYG @ LAC,9.5,7,LEAN,away,LOST,21-37
2021,14,SF @ CIN,-2.5,3,LEAN,home,LOST,26-23
2021,14,BUF @ TB,3.5,6.88,LEAN,away,LOST,27-33
2021,14,CHI @ GB,11.5,7,LEAN,away,LOST,30-45
2021,15,KC @ LAC,-3.0,3,LEAN,home,LOST,34-28
2021,15,CAR @ BUF,14.0,7,LEAN,away,LOST,14-31
2021,15,ARI @ DET,-13.0,3,LEAN,home,WON,12-30
2021,15,HOU @ JAX,6.0,7,LEAN,away,WON,30-16
2021,15,NYJ @ MIA,10.5,7,LEAN,away,WON,24-31
2021,15,DAL @ NYG,-11.5,3,LEAN,home,LOST,21-6
2021,15,TEN @ PIT,1.0,6.04,LEAN,away,LOST,13-19
2021,15,ATL @ SF,9.5,7,LEAN,away,LOST,13-31
2021,15,GB @ BAL,-9.5,3,LEAN,home,WON,31-30
2021,15,NO @ TB,11.5,7,LEAN,away,WON,9-0
2021,15,LV @ CLE,-3.0,3,LEAN,home,WON,16-14
2021,15,MIN @ CHI,-7.0,3,LEAN,home,LOST,17-9
2021,15,SEA @ LA,7.5,7,LEAN,away,LOST,10-20
2021,15,WAS @ PHI,10.0,7,LEAN,away,PUSH,17-27
2021,16,SF @ TEN,-3.5,3,LEAN,home,WON,17-20
2021,16,CLE @ GB,7.5,7,LEAN,away,WON,22-24
2021,16,DET @ ATL,7.5,7,LEAN,away,WON,16-20
2021,16,TB @ CAR,-11.5,3,LEAN,home,LOST,32-6
2021,16,BAL @ CIN,7.5,7,LEAN,away,LOST,21-41
2021,16,LAC @ HOU,-13.5,3,LEAN,home,WON,29-41
2021,16,LA @ MIN,-3.5,3,LEAN,home,LOST,30-23
2021,16,NYG @ PHI,11.0,7,LEAN,away,LOST,10-34
2021,16,CHI @ SEA,7.0,7,LEAN,away,WON,25-24
2021,16,PIT @ KC,10.5,7,LEAN,away,LOST,10-36
2021,16,WAS @ DAL,10.5,7,LEAN,away,LOST,14-56
2021,16,MIA @ NO,-3.0,3,LEAN,home,LOST,20-3
2021,17,LA @ BAL,-7.0,3,LEAN,home,WON,20-19
2021,17,ATL @ BUF,14.0,7,LEAN,away,PUSH,15-29
2021,17,NYG @ CHI,7.0,7,LEAN,away,LOST,3-29
2021,17,KC @ CIN,-3.5,3,LEAN,home,WON,31-34
2021,17,LV @ IND,8.5,7,LEAN,away,WON,23-20
2021,17,JAX @ NE,17.5,7,LEAN,away,LOST,10-50
2021,17,TB @ NYJ,-14.5,3,LEAN,home,WON,28-24
2021,17,PHI @ WAS,-6.5,3,LEAN,home,WON,20-16
2021,17,DEN @ LAC,8.0,7,LEAN,away,LOST,13-34
2021,17,HOU @ SF,14.0,7,LEAN,away,LOST,7-23
2021,17,ARI @ DAL,6.5,7,LEAN,away,WON,25-22
2021,17,CAR @ NO,7.0,7,LEAN,away,LOST,10-18
2021,17,DET @ SEA,8.5,7,LEAN,away,LOST,29-51
2021,17,MIN @ GB,13.0,7,LEAN,away,LOST,10-37
2021,18,KC @ DEN,-11.5,3,LEAN,home,WON,28-24
2021,18,DAL @ PHI,-6.5,3,LEAN,home,LOST,51-26
2021,18,CIN @ CLE,6.5,7,LEAN,away,WON,16-21
2021,18,TEN @ HOU,-10.5,3,LEAN,home,WON,28-25
2021,18,IND @ JAX,-14.0,3,LEAN,home,WON,11-26
2021,18,WAS @ NYG,-6.0,3,LEAN,home,LOST,22-7
2021,18,SEA @ ARI,5.5,6.36,LEAN,away,WON,38-30
2021,18,NO @ ATL,-4.5,3,LEAN,home,LOST,30-20
2021,18,NYJ @ BUF,16.0,7,LEAN,away,LOST,10-27
2021,18,NE @ MIA,-6.0,3,LEAN,home,WON,24-33
2021,18,CAR @ TB,11.0,7,LEAN,away,LOST,17-41
2021,18,LAC @ LV,-3.5,3,LEAN,home,WON,32-35
2022,3,PIT @ CLE,4.5,6.71,LEAN,away,LOST,17-29
2022,3,NO @ CAR,-2.0,3,LEAN,home,WON,14-22
2022,3,KC @ IND,-4.5,3.3,LEAN,home,WON,17-20
2022,3,BUF @ MIA,-4.0,3.27,LEAN,home,WON,19-21
2022,3,DET @ MIN,6.5,7,LEAN,away,WON,24-28
2022,3,BAL @ NE,-2.5,3,LEAN,home,LOST,37-26
2022,3,CIN @ NYJ,-6.5,3,LEAN,home,LOST,27-12
2022,3,PHI @ WAS,-6.0,3,LEAN,home,LOST,24-8
2022,3,JAX @ LAC,6.5,7,LEAN,away,WON,38-10
2022,3,LA @ ARI,-3.5,3,LEAN,home,LOST,20-12
2022,3,GB @ TB,1.0,3.48,LEAN,home,LOST,14-12
2022,3,SF @ DEN,-1.0,3.99,LEAN,home,WON,10-11
2022,4,MIA @ CIN,4.0,7,LEAN,away,LOST,15-27
2022,4,MIN @ NO,-4.0,3,LEAN,home,WON,28-25
2022,4,CLE @ ATL,-1.0,3.97,LEAN,home,WON,20-23
2022,4,BUF @ BAL,-3.0,3.24,LEAN,home,PUSH,23-20
2022,4,LAC @ HOU,-5.5,3,LEAN,home,LOST,34-24
2022,4,TEN @ IND,4.5,6.92,LEAN,away,WON,24-17
2022,4,CHI @ NYG,3.0,6.75,LEAN,away,LOST,12-20
2022,4,JAX @ PHI,6.5,7,LEAN,away,LOST,21-29
2022,4,ARI @ CAR,1.0,3.13,LEAN,home,LOST,26-16
2022,4,NE @ GB,10.0,7,LEAN,away,WON,24-27
2022,4,DEN @ LV,2.5,6.1,LEAN,away,LOST,23-32
2022,4,LA @ SF,1.0,3.69,LEAN,home,WON,9-24
2022,5,NYG @ GB,8.5,7,LEAN,away,WON,27-22
2022,5,PIT @ BUF,14.0,7,LEAN,away,LOST,3-38
2022,5,LAC @ CLE,-1.0,3,LEAN,home,LOST,30-28
2022,5,CHI @ MIN,10.0,7,LEAN,away,WON,22-29
2022,5,DET @ NE,3.0,6.11,LEAN,away,LOST,0-29
2022,5,SEA @ NO,5.5,6.9,LEAN,away,LOST,32-39
2022,5,MIA @ NYJ,-3.0,3.54,LEAN,home,WON,17-40
2022,5,ATL @ TB,10.5,7,LEAN,away,WON,15-21
2022,5,TEN @ WAS,-1.0,3.45,LEAN,home,LOST,21-17
2022,5,SF @ CAR,-6.0,3,LEAN,home,LOST,37-15
2022,5,PHI @ ARI,-5.5,3.03,LEAN,home,WON,20-17
2022,5,DAL @ LA,5.5,7,LEAN,away,WON,22-10
2022,5,CIN @ BAL,3.0,6.23,LEAN,away,WON,17-19
2022,5,LV @ KC,7.5,7,LEAN,away,WON,29-30
2022,6,WAS @ CHI,-1.0,3.09,LEAN,home,LOST,12-7
2022,6,NYJ @ GB,7.5,7,LEAN,away,WON,27-10
2022,6,JAX @ IND,1.0,6.84,LEAN,away,LOST,27-34
2022,6,MIN @ MIA,-3.0,3,LEAN,home,LOST,24-16
2022,6,CIN @ NO,-3.0,3,LEAN,home,LOST,30-26
2022,6,BAL @ NYG,-5.5,3,LEAN,home,WON,20-24
2022,6,TB @ PIT,-10.0,3,LEAN,home,WON,18-20
2022,6,CAR @ LA,10.0,7,LEAN,away,LOST,10-24
2022,6,ARI @ SEA,-2.5,3,LEAN,home,WON,9-19
2022,6,BUF @ KC,-2.5,3.21,LEAN,home,LOST,24-20
2022,6,DAL @ PHI,6.5,6.58,LEAN,away,LOST,17-26
2022,7,NO @ ARI,2.5,6.33,LEAN,away,LOST,34-42
2022,7,CLE @ BAL,6.5,7,LEAN,away,WON,20-23
2022,7,TB @ CAR,-13.0,3,LEAN,home,WON,3-21
2022,7,ATL @ CIN,6.5,7,LEAN,away,LOST,17-35
2022,7,DET @ DAL,7.0,7,LEAN,away,LOST,6-24
2022,7,GB @ WAS,-4.0,3,LEAN,home,WON,21-23
2022,7,NYJ @ DEN,-2.0,3,LEAN,home,LOST,16-9
2022,7,HOU @ LV,7.0,7,LEAN,away,LOST,20-38
2022,7,SEA @ LAC,5.5,7,LEAN,away,WON,37-23
2022,7,KC @ SF,-1.0,3,LEAN,home,LOST,44-23
2022,7,PIT @ MIA,7.5,7,LEAN,away,WON,10-16
2022,7,CHI @ NE,9.5,7,LEAN,away,WON,33-14
2022,8,DEN @ JAX,1.0,3.44,LEAN,home,LOST,21-17
2022,8,CAR @ ATL,4.5,6.4,LEAN,away,WON,34-37
2022,8,CHI @ DAL,10.5,7,LEAN,away,LOST,29-49
2022,8,MIA @ DET,-3.5,3.6,LEAN,home,LOST,31-27
2022,8,ARI @ MIN,4.0,6.94,LEAN,away,LOST,26-34
2022,8,LV @ NO,-1.0,3.74,LEAN,home,WON,0-24
2022,8,NE @ NYJ,-3.0,3,LEAN,home,LOST,22-17
2022,8,PIT @ PHI,11.0,7,LEAN,away,LOST,13-35
2022,8,WAS @ IND,3.0,6.07,LEAN,away,WON,17-16
2022,8,GB @ BUF,10.5,7,LEAN,away,WON,17-27
2022,8,CIN @ CLE,-3.0,3.77,LEAN,home,WON,13-32
2022,9,PHI @ HOU,-14.0,3,LEAN,home,WON,29-17
2022,9,LAC @ ATL,-2.5,3,LEAN,home,LOST,20-17
2022,9,MIA @ CHI,-4.0,3,LEAN,home,WON,35-32
2022,9,CAR @ CIN,7.0,6.88,LEAN,away,LOST,21-42
2022,9,GB @ DET,-4.0,3,LEAN,home,WON,9-15
2022,9,LV @ JAX,-2.5,3,LEAN,home,WON,20-27
2022,9,IND @ NE,5.0,6.23,LEAN,away,LOST,3-26
2022,9,BUF @ NYJ,-11.0,3,LEAN,home,WON,17-20
2022,9,MIN @ WAS,-3.0,3,LEAN,home,PUSH,20-17
2022,9,TEN @ KC,14.0,7,LEAN,away,WON,17-20
2022,9,BAL @ NO,-1.0,3,LEAN,home,LOST,27-13
2022,10,ATL @ CAR,-2.5,3.14,LEAN,home,WON,15-25
2022,10,SEA @ TB,2.5,6.0,LEAN,away,LOST,16-21
2022,10,MIN @ BUF,6.5,6.22,LEAN,away,WON,33-30
2022,10,JAX @ KC,10.0,7,LEAN,away,PUSH,17-27
2022,10,HOU @ NYG,5.5,6.21,LEAN,away,LOST,16-24
2022,10,NO @ PIT,1.0,6.91,LEAN,away,LOST,10-20
2022,10,IND @ LV,4.5,6.7,LEAN,away,WON,25-20
2022,10,DAL @ GB,-3.5,3.42,LEAN,home,WON,28-31
2022,10,ARI @ LA,3.5,6.62,LEAN,away,WON,27-17
2022,10,LAC @ SF,8.5,7,LEAN,away,WON,16-22
2022,10,WAS @ PHI,11.0,7,LEAN,away,WON,32-21
2022,11,TEN @ GB,3.0,6.54,LEAN,away,WON,27-17
2022,11,CHI @ ATL,3.0,6.19,LEAN,away,PUSH,24-27
2022,11,CAR @ BAL,13.0,7,LEAN,away,WON,3-13
2022,11,CLE @ BUF,7.5,6.85,LEAN,away,LOST,23-31
2022,11,WAS @ HOU,-3.0,3.37,LEAN,home,LOST,23-10
2022,11,PHI @ IND,-6.5,3,LEAN,home,WON,17-16
2022,11,DAL @ MIN,-1.5,3.79,LEAN,home,LOST,40-3
2022,11,KC @ LAC,-5.5,3,LEAN,home,WON,30-27
2022,11,SF @ ARI,-10.0,3,LEAN,home,LOST,38-10
2022,12,BUF @ DET,-10.0,3,LEAN,home,WON,28-25
2022,12,NYG @ DAL,10.5,7,LEAN,away,WON,20-28
2022,12,NE @ MIN,2.5,7,LEAN,away,LOST,26-33
2022,12,TB @ CLE,-3.0,3,LEAN,home,WON,17-23
2022,12,BAL @ JAX,-3.5,3,LEAN,home,WON,27-28
2022,12,HOU @ MIA,14.0,7,LEAN,away,LOST,15-30
2022,12,CHI @ NYJ,8.5,7,LEAN,away,LOST,10-31
2022,12,LAC @ ARI,-2.5,3,LEAN,home,WON,25-24
2022,12,LA @ KC,16.5,7,LEAN,away,WON,10-26
2022,12,NO @ SF,9.5,7,LEAN,away,LOST,0-13
2022,13,BUF @ NE,-3.5,3,LEAN,home,LOST,24-10
2022,13,PIT @ ATL,-1.0,3.13,LEAN,home,LOST,19-16
2022,13,DEN @ BAL,9.5,7,LEAN,away,WON,9-10
2022,13,GB @ CHI,-4.0,3,LEAN,home,LOST,28-19
2022,13,JAX @ DET,1.0,6.76,LEAN,away,LOST,14-40
2022,13,CLE @ HOU,-7.5,3,LEAN,home,LOST,27-14
2022,13,NYJ @ MIN,3.0,6.88,LEAN,away,LOST,22-27
2022,13,WAS @ NYG,-2.5,3,LEAN,home,WON,20-20
2022,13,SEA @ LA,-7.0,3,LEAN,home,WON,27-23
2022,13,MIA @ SF,4.5,6.11,LEAN,away,LOST,17-33
2022,13,KC @ CIN,-2.5,3,LEAN,home,WON,24-27
2022,13,IND @ DAL,11.0,7,LEAN,away,LOST,19-54
2022,13,NO @ TB,3.5,6.17,LEAN,away,WON,16-17
2022,14,LV @ LA,-6.5,3,LEAN,home,WON,16-17
2022,14,NYJ @ BUF,10.0,7,LEAN,away,WON,12-20
2022,14,HOU @ DAL,17.0,7,LEAN,away,WON,23-27
2022,14,MIN @ DET,2.5,6.25,LEAN,away,LOST,23-34
2022,14,PHI @ NYG,-7.5,3,LEAN,home,LOST,48-22
2022,14,BAL @ PIT,1.5,6.61,LEAN,away,WON,16-14
2022,14,JAX @ TEN,3.0,6.48,LEAN,away,WON,36-22
2022,14,KC @ DEN,-8.5,3,LEAN,home,WON,34-28
2022,14,MIA @ LAC,-3.0,3.38,LEAN,home,WON,17-23
2022,15,IND @ MIN,3.5,6.07,LEAN,away,WON,36-39
2022,15,BAL @ CLE,2.5,6.65,LEAN,away,LOST,3-13
2022,15,MIA @ BUF,7.0,7,LEAN,away,WON,29-32
2022,15,PHI @ CHI,-8.5,3,LEAN,home,WON,25-20
2022,15,KC @ HOU,-14.5,3,LEAN,home,WON,30-24
2022,15,DAL @ JAX,-4.0,3,LEAN,home,WON,34-40
2022,15,ATL @ NO,5.0,6.41,LEAN,away,WON,18-21
2022,15,NE @ LV,1.0,6.22,LEAN,away,LOST,24-30
2022,15,TEN @ LAC,3.0,6.12,LEAN,away,PUSH,14-17
2022,15,CIN @ TB,-3.5,3,LEAN,home,LOST,34-23
2022,15,LA @ GB,8.0,7,LEAN,away,LOST,12-24
2022,16,ATL @ BAL,6.5,6.84,LEAN,away,LOST,9-17
2022,16,DET @ CAR,-2.5,3,LEAN,home,WON,23-37
2022,16,BUF @ CHI,-8.0,3,LEAN,home,LOST,35-13
2022,16,NO @ CLE,3.0,6.18,LEAN,away,WON,17-10
2022,16,SEA @ KC,10.5,7,LEAN,away,LOST,10-24
2022,16,NYG @ MIN,4.5,6.75,LEAN,away,WON,24-27
2022,16,CIN @ NE,-3.0,3,LEAN,home,LOST,22-18
2022,16,WAS @ SF,6.5,6.21,LEAN,away,LOST,20-37
2022,16,PHI @ DAL,4.0,7,LEAN,away,LOST,34-40
2022,16,LV @ PIT,2.5,6.16,LEAN,away,LOST,10-13
2022,16,DEN @ LA,-3.0,3.47,LEAN,home,WON,14-51
2022,16,TB @ ARI,-7.5,3,LEAN,home,WON,19-16
2022,16,LAC @ IND,-3.5,3,LEAN,home,LOST,20-3
2022,17,DAL @ TEN,-14.0,3,LEAN,home,PUSH,27-13
2022,17,ARI @ ATL,7.0,7,LEAN,away,WON,19-20
2022,17,CHI @ DET,4.5,6.81,LEAN,away,LOST,10-41
2022,17,DEN @ KC,13.5,7,LEAN,away,WON,24-27
2022,17,IND @ NYG,5.5,7,LEAN,away,LOST,10-38
2022,17,CAR @ TB,3.5,6.05,LEAN,away,LOST,24-30
2022,17,SF @ LV,-10.0,3,LEAN,home,WON,37-34
2022,17,NYJ @ SEA,-1.0,3.77,LEAN,home,WON,6-23
2022,17,LA @ LAC,6.5,7,LEAN,away,LOST,10-31
2022,17,PIT @ BAL,1.0,3.52,LEAN,home,LOST,16-13
2022,18,KC @ LV,-9.0,3,LEAN,home,LOST,31-13
2022,18,TEN @ JAX,6.0,6.46,LEAN,away,WON,16-20
2022,18,TB @ ATL,6.0,7,LEAN,away,LOST,17-30
2022,18,NE @ BUF,8.0,7,LEAN,away,LOST,23-35
2022,18,MIN @ CHI,-6.5,3,LEAN,home,LOST,29-13
2022,18,BAL @ CIN,11.0,7,LEAN,away,PUSH,16-27
2022,18,CLE @ PIT,2.5,6.03,LEAN,away,LOST,14-28
2022,18,LAC @ DEN,6.0,7,LEAN,away,WON,28-31
2022,18,NYG @ PHI,16.5,7,LEAN,away,WON,16-22
2022,18,LA @ SEA,5.5,6.78,LEAN,away,WON,16-19
2022,18,ARI @ SF,14.0,7,LEAN,away,LOST,13-38
2022,18,DAL @ WAS,-7.5,3,LEAN,home,WON,6-26
2022,18,DET @ GB,5.5,7,LEAN,away,WON,20-16
2023,3,NYG @ SF,10.5,7,LEAN,away,LOST,12-30
2023,3,IND @ BAL,7.5,7,LEAN,away,WON,22-19
2023,3,ATL @ DET,3.0,6.54,LEAN,away,LOST,6-20
2023,3,NO @ GB,-1.5,3,LEAN,home,WON,17-18
2023,3,HOU @ JAX,7.5,7,LEAN,away,WON,37-17
2023,3,DEN @ MIA,6.0,6.62,LEAN,away,LOST,20-70
2023,3,NE @ NYJ,-2.5,3.3,LEAN,home,LOST,15-10
2023,3,BUF @ WAS,-5.5,3,LEAN,home,LOST,37-3
2023,3,CAR @ SEA,5.0,6.39,LEAN,away,LOST,27-37
2023,3,DAL @ ARI,-11.5,3,LEAN,home,WON,16-28
2023,3,CHI @ KC,13.0,7,LEAN,away,LOST,10-41
2023,3,PHI @ TB,-6.0,3,LEAN,home,LOST,25-11
2023,3,LA @ CIN,3.0,7,LEAN,away,PUSH,16-19
2023,4,DET @ GB,-2.5,3,LEAN,home,LOST,34-20
2023,4,ATL @ JAX,3.5,7,LEAN,away,LOST,7-23
2023,4,MIN @ CAR,-4.5,3,LEAN,home,LOST,21-13
2023,4,DEN @ CHI,-3.0,3,LEAN,home,PUSH,31-28
2023,4,BAL @ CLE,-2.0,3,LEAN,home,LOST,28-3
2023,4,PIT @ HOU,-3.0,3,LEAN,home,WON,6-30
2023,4,LA @ IND,-1.0,3.69,LEAN,home,LOST,29-23
2023,4,TB @ NO,4.0,6.69,LEAN,away,WON,26-9
2023,4,WAS @ PHI,9.5,7,LEAN,away,WON,31-34
2023,4,CIN @ TEN,-2.5,3,LEAN,home,WON,3-27
2023,4,LV @ LAC,7.0,7,LEAN,away,PUSH,17-24
2023,4,NE @ DAL,6.5,6.92,LEAN,away,LOST,3-38
2023,4,ARI @ SF,15.0,7,LEAN,away,LOST,16-35
2023,4,KC @ NYJ,-9.5,3,LEAN,home,WON,23-20
2023,5,CHI @ WAS,6.0,6.64,LEAN,away,WON,40-20
2023,5,HOU @ ATL,2.5,6.25,LEAN,away,WON,19-21
2023,5,CAR @ DET,9.5,7,LEAN,away,LOST,24-42
2023,5,TEN @ IND,-2.5,3,LEAN,home,WON,16-23
2023,5,NYG @ MIA,12.5,7,LEAN,away,LOST,16-31
2023,5,BAL @ PIT,-4.5,3.71,LEAN,home,WON,10-17
2023,5,CIN @ ARI,-3.0,3,LEAN,home,LOST,34-20
2023,5,PHI @ LA,-3.5,3,LEAN,home,LOST,23-14
2023,5,KC @ MIN,-3.5,3.07,LEAN,home,LOST,27-20
2023,5,DAL @ SF,3.5,6.36,LEAN,away,LOST,10-42
2023,6,DEN @ KC,10.5,7,LEAN,away,LOST,8-19
2023,6,BAL @ TEN,-5.5,3,LEAN,home,LOST,24-16
2023,6,MIN @ CHI,-3.0,3,LEAN,home,LOST,19-13
2023,6,SEA @ CIN,3.0,7,LEAN,away,LOST,13-17
2023,6,SF @ CLE,-9.5,3,LEAN,home,WON,17-19
2023,6,NO @ HOU,-2.0,3.57,LEAN,home,WON,13-20
2023,6,IND @ JAX,4.0,7,LEAN,away,LOST,20-37
2023,6,CAR @ MIA,14.0,7,LEAN,away,LOST,21-42
2023,6,ARI @ LA,7.0,7,LEAN,away,LOST,9-26
2023,6,PHI @ NYJ,-6.5,3,LEAN,home,WON,14-20
2023,6,DET @ TB,-3.0,3,LEAN,home,LOST,20-6
2023,6,NYG @ BUF,15.5,7,LEAN,away,WON,9-14
2023,7,DET @ BAL,3.0,6.18,LEAN,away,LOST,6-38
2023,7,LV @ CHI,-2.5,3.23,LEAN,home,WON,12-30
2023,7,CLE @ IND,-3.5,3,LEAN,home,WON,39-38
2023,7,BUF @ NE,-7.5,3,LEAN,home,WON,25-29
2023,7,WAS @ NYG,-3.0,3.08,LEAN,home,WON,7-14
2023,7,ARI @ SEA,9.5,7,LEAN,away,LOST,10-20
2023,7,GB @ DEN,1.5,6.38,LEAN,away,LOST,17-19
2023,7,LAC @ KC,5.5,6.49,LEAN,away,LOST,17-31
2023,7,MIA @ PHI,3.0,6.86,LEAN,away,LOST,17-31
2023,7,SF @ MIN,-7.0,3,LEAN,home,WON,17-22
2023,8,TB @ BUF,10.0,7,LEAN,away,WON,18-24
2023,8,HOU @ CAR,-3.0,3.28,LEAN,home,WON,13-15
2023,8,LA @ DAL,6.5,7,LEAN,away,LOST,20-43
2023,8,MIN @ GB,-1.0,3.3,LEAN,home,LOST,24-10
2023,8,NO @ IND,-2.0,3.24,LEAN,home,LOST,38-27
2023,8,NE @ MIA,7.5,6.97,LEAN,away,LOST,17-31
2023,8,NYJ @ NYG,-3.0,3,LEAN,home,PUSH,13-10
2023,8,JAX @ PIT,-2.5,3.04,LEAN,home,LOST,20-10
2023,8,ATL @ TEN,-2.5,3,LEAN,home,WON,23-28
2023,8,PHI @ WAS,-7.0,3,LEAN,home,PUSH,38-31
2023,8,CLE @ SEA,4.0,6.4,LEAN,away,PUSH,20-24
2023,8,BAL @ ARI,-9.5,3,LEAN,home,WON,31-24
2023,8,KC @ DEN,-7.0,3,LEAN,home,WON,9-24
2023,8,CIN @ SF,4.0,3.83,LEAN,home,LOST,31-17
2023,8,CHI @ LAC,9.5,7,LEAN,away,LOST,13-30
2023,8,LV @ DET,7.0,7,LEAN,away,LOST,14-26
2023,9,TEN @ PIT,3.5,6.94,LEAN,away,LOST,16-20
2023,9,MIN @ ATL,3.5,7,LEAN,away,WON,31-28
2023,9,SEA @ BAL,6.0,6.89,LEAN,away,LOST,3-37
2023,9,ARI @ CLE,13.0,7,LEAN,away,LOST,0-27
2023,9,LA @ GB,3.5,7,LEAN,away,LOST,3-20
2023,9,CHI @ NO,9.0,7,LEAN,away,WON,17-24
2023,9,DAL @ PHI,3.5,7,LEAN,away,LOST,23-28
2023,9,BUF @ CIN,1.5,7,LEAN,away,LOST,18-24
2023,9,LAC @ NYJ,-3.0,3,LEAN,home,LOST,27-6
2023,10,CLE @ BAL,6.0,6.93,LEAN,away,WON,33-31
2023,10,HOU @ CIN,5.5,7,LEAN,away,WON,30-27
2023,10,SF @ JAX,-3.0,3.89,LEAN,home,LOST,34-3
2023,10,NO @ MIN,-3.0,3,LEAN,home,WON,19-27
2023,10,GB @ PIT,3.0,6.96,LEAN,away,LOST,19-23
2023,10,DET @ LAC,-2.5,3.44,LEAN,home,LOST,41-38
2023,10,NYG @ DAL,17.5,7,LEAN,away,LOST,17-49
2023,10,WAS @ SEA,6.0,6.85,LEAN,away,WON,26-29
2023,10,NYJ @ LV,-1.0,3.15,LEAN,home,WON,12-16
2023,11,DAL @ CAR,-11.0,3,LEAN,home,LOST,33-10
2023,11,PIT @ CLE,2.5,3.29,LEAN,home,WON,10-13
2023,11,CHI @ DET,8.0,7,LEAN,away,WON,26-31
2023,11,LAC @ GB,-3.0,3,LEAN,home,WON,20-23
2023,11,TEN @ JAX,6.5,7,LEAN,away,LOST,14-34
2023,11,LV @ MIA,14.0,7,LEAN,away,WON,13-20
2023,11,NYG @ WAS,7.5,7,LEAN,away,WON,31-19
2023,11,TB @ SF,13.5,7,LEAN,away,WON,14-27
2023,11,NYJ @ BUF,8.0,6.92,LEAN,away,LOST,6-32
2023,11,SEA @ LA,2.5,6.06,LEAN,away,WON,16-17
2023,11,MIN @ DEN,2.5,7,LEAN,away,WON,20-21
2023,12,GB @ DET,8.5,7,LEAN,away,WON,29-22
2023,12,WAS @ DAL,13.0,7,LEAN,away,LOST,10-45
2023,12,SF @ SEA,-7.0,3,LEAN,home,LOST,31-13
2023,12,MIA @ NYJ,-9.5,3,LEAN,home,LOST,34-13
2023,12,NO @ ATL,-2.0,3.61,LEAN,home,WON,15-24
2023,12,PIT @ CIN,-2.0,3,LEAN,home,LOST,16-10
2023,12,JAX @ HOU,-1.0,3,LEAN,home,LOST,24-21
2023,12,NE @ NYG,-4.5,3,LEAN,home,WON,7-10
2023,12,LA @ ARI,-3.0,3.52,LEAN,home,LOST,37-14
2023,12,CLE @ DEN,1.5,7,LEAN,away,LOST,12-29
2023,12,KC @ LV,-9.0,3,LEAN,home,LOST,31-17
2023,12,BUF @ PHI,2.5,7,LEAN,away,LOST,34-37
2023,13,SEA @ DAL,9.5,7,LEAN,away,WON,35-41
2023,13,LAC @ NE,-4.5,3,LEAN,home,LOST,6-0
2023,13,DET @ NO,-4.0,3,LEAN,home,LOST,33-28
2023,13,ATL @ NYJ,-2.0,3.42,LEAN,home,LOST,13-8
2023,13,ARI @ PIT,6.0,6.27,LEAN,away,WON,24-10
2023,13,IND @ TEN,-1.5,3.69,LEAN,home,LOST,31-28
2023,13,MIA @ WAS,-8.5,3,LEAN,home,LOST,45-15
2023,13,CLE @ LA,3.5,7,LEAN,away,LOST,19-36
2023,13,KC @ GB,-5.5,3,LEAN,home,WON,19-27
2023,13,CIN @ JAX,10.0,7,LEAN,away,WON,34-31
2023,14,NE @ PIT,6.0,7,LEAN,away,WON,21-18
2023,14,LA @ BAL,7.5,7,LEAN,away,WON,31-37
2023,14,DET @ CHI,-3.0,3,LEAN,home,WON,13-28
2023,14,IND @ CIN,3.0,6.36,LEAN,away,LOST,14-34
2023,14,HOU @ NYJ,-3.5,3,LEAN,home,WON,6-30
2023,14,MIN @ LV,-3.0,3.23,LEAN,home,PUSH,3-0
2023,14,SEA @ SF,14.5,7,LEAN,away,WON,16-28
2023,14,BUF @ KC,2.0,6.3,LEAN,away,WON,20-17
2023,14,PHI @ DAL,3.5,3.65,LEAN,home,WON,13-33
2023,14,TEN @ MIA,14.0,7,LEAN,away,WON,28-27
2023,14,GB @ NYG,-6.0,3,LEAN,home,WON,22-24
2023,15,LAC @ LV,3.0,6.32,LEAN,away,LOST,21-63
2023,15,MIN @ CIN,3.0,6.97,LEAN,away,PUSH,24-27
2023,15,DEN @ DET,5.5,6.61,LEAN,away,LOST,17-42
2023,15,ATL @ CAR,-3.0,3.42,LEAN,home,WON,7-9
2023,15,TB @ GB,4.0,6.23,LEAN,away,WON,34-20
2023,15,NYJ @ MIA,7.5,7,LEAN,away,LOST,0-30
2023,15,KC @ NE,-10.0,3,LEAN,home,PUSH,27-17
2023,15,NYG @ NO,6.0,6.12,LEAN,away,LOST,6-24
2023,15,HOU @ TEN,3.0,6.53,LEAN,away,WON,19-16
2023,15,SF @ ARI,-12.5,3,LEAN,home,LOST,45-29
2023,15,WAS @ LA,6.5,6.36,LEAN,away,LOST,20-28
2023,15,BAL @ JAX,-4.0,3.88,LEAN,home,LOST,23-7
2023,15,PHI @ SEA,-5.0,3,LEAN,home,WON,17-20
2023,16,NO @ LA,4.0,7,LEAN,away,LOST,22-30
2023,16,CIN @ PIT,-3.0,3,LEAN,home,WON,11-34
2023,16,BUF @ LAC,-13.0,3,LEAN,home,WON,24-22
2023,16,IND @ ATL,3.0,6.2,LEAN,away,LOST,10-29
2023,16,GB @ CAR,-3.5,3,LEAN,home,WON,33-30
2023,16,CLE @ HOU,-3.0,3,LEAN,home,LOST,36-22
2023,16,DET @ MIN,-2.5,3,LEAN,home,LOST,30-24
2023,16,SEA @ TEN,-3.0,3,LEAN,home,PUSH,20-17
2023,16,JAX @ TB,-2.0,3,LEAN,home,WON,12-30
2023,16,NE @ DEN,7.0,7,LEAN,away,WON,26-23
2023,16,LV @ KC,11.0,7,LEAN,away,WON,20-14
2023,16,NYG @ PHI,14.0,7,LEAN,away,WON,25-33
2023,16,BAL @ SF,6.5,7,LEAN,away,WON,33-19
2023,17,NYJ @ CLE,6.5,6.42,LEAN,away,LOST,20-37
2023,17,DET @ DAL,5.5,6.67,LEAN,away,WON,19-20
2023,17,NE @ BUF,15.0,7,LEAN,away,WON,21-27
2023,17,TEN @ HOU,5.0,6.97,LEAN,away,LOST,3-26
2023,17,LV @ IND,3.5,6.21,LEAN,away,WON,20-23
2023,17,LA @ NYG,-6.0,3,LEAN,home,WON,26-25
2023,17,ARI @ PHI,12.0,7,LEAN,away,WON,35-31
2023,17,NO @ TB,2.5,6.08,LEAN,away,WON,23-13
2023,17,SF @ WAS,-14.0,3,LEAN,home,LOST,27-10
2023,17,PIT @ SEA,4.5,6.94,LEAN,away,WON,30-23
2023,17,LAC @ DEN,3.5,6.07,LEAN,away,LOST,9-16
2023,17,CIN @ KC,7.5,7,LEAN,away,LOST,17-25
2023,18,PIT @ BAL,-3.0,3,LEAN,home,LOST,17-10
2023,18,HOU @ IND,-1.5,3.26,LEAN,home,LOST,23-19
2023,18,TB @ CAR,-5.0,3,LEAN,home,LOST,9-0
2023,18,CLE @ CIN,7.5,7,LEAN,away,LOST,14-31
2023,18,JAX @ TEN,-3.5,3,LEAN,home,WON,20-28
2023,18,KC @ LAC,3.5,7,LEAN,away,WON,13-12
2023,18,DEN @ LV,3.5,6.12,LEAN,away,LOST,14-27
2023,18,PHI @ NYG,-4.5,3,LEAN,home,WON,10-27
2023,18,DAL @ WAS,-13.0,3,LEAN,home,LOST,38-10
2023,18,BUF @ MIA,-2.5,3,LEAN,home,LOST,21-14
2024,3,NE @ NYJ,6.5,7,LEAN,away,LOST,3-24
2024,3,NYG @ CLE,6.5,6.85,LEAN,away,WON,21-15
2024,3,HOU @ MIN,-2.0,3,LEAN,home,WON,7-34
2024,3,PHI @ NO,2.5,3,LEAN,home,LOST,15-12
2024,3,LAC @ PIT,3.0,7,LEAN,away,LOST,10-20
2024,3,DEN @ TB,6.0,7,LEAN,away,WON,26-7
2024,3,GB @ TEN,3.0,6.82,LEAN,away,WON,30-14
2024,3,DET @ ARI,-3.0,3,LEAN,home,LOST,20-13
2024,3,SF @ LA,-6.0,3,LEAN,home,WON,24-27
2024,3,KC @ ATL,-3.0,3,LEAN,home,LOST,22-17
2024,3,WAS @ CIN,7.5,7,LEAN,away,WON,38-33
2024,4,DAL @ NYG,-5.5,3,LEAN,home,WON,20-15
2024,4,NO @ ATL,2.5,7,LEAN,away,WON,24-26
2024,4,CIN @ CAR,-4.5,3,LEAN,home,LOST,34-24
2024,4,MIN @ GB,2.5,6.19,LEAN,away,WON,31-29
2024,4,JAX @ HOU,5.5,6.01,LEAN,away,WON,20-24
2024,4,PIT @ IND,-2.5,3.67,LEAN,home,WON,24-27
2024,4,DEN @ NYJ,7.5,7,LEAN,away,WON,10-9
2024,4,PHI @ TB,-1.0,3.92,LEAN,home,WON,16-33
2024,4,NE @ SF,10.5,7,LEAN,away,LOST,13-30
2024,4,KC @ LAC,-7.5,3,LEAN,home,WON,17-10
2024,4,CLE @ LV,-2.5,3,LEAN,home,WON,16-20
2024,4,BUF @ BAL,2.5,7,LEAN,away,LOST,10-35
2024,4,SEA @ DET,3.5,6.77,LEAN,away,LOST,29-42
2024,5,TB @ ATL,2.5,6.38,LEAN,away,LOST,30-36
2024,5,BAL @ CIN,-2.5,3.05,LEAN,home,LOST,41-38
2024,5,IND @ JAX,3.5,7,LEAN,away,WON,34-37
2024,5,MIA @ NE,-2.0,3,LEAN,home,LOST,15-10
2024,5,ARI @ SF,7.0,7,LEAN,away,WON,24-23
2024,5,NYG @ SEA,7.0,7,LEAN,away,WON,29-20
2024,5,DAL @ PIT,2.5,3.74,LEAN,home,LOST,20-17
2024,5,NO @ KC,5.5,7,LEAN,away,LOST,13-26
2024,6,SF @ SEA,-3.5,3,LEAN,home,LOST,36-24
2024,6,JAX @ CHI,-1.5,3,LEAN,home,WON,16-35
2024,6,WAS @ BAL,6.5,7,LEAN,away,LOST,23-30
2024,6,ARI @ GB,5.5,6.7,LEAN,away,LOST,13-34
2024,6,HOU @ NE,-6.5,3,LEAN,home,LOST,41-21
2024,6,TB @ NO,-3.5,3,LEAN,home,LOST,51-27
2024,6,CLE @ PHI,8.0,7,LEAN,away,WON,16-20
2024,6,LAC @ DEN,-3.0,3,LEAN,home,LOST,23-16
2024,6,PIT @ LV,-3.5,3.46,LEAN,home,LOST,32-13
2024,6,ATL @ CAR,-6.0,3,LEAN,home,LOST,38-20
2024,6,DET @ DAL,-3.5,3.26,LEAN,home,LOST,47-9
2024,6,CIN @ NYG,-4.5,3,LEAN,home,LOST,17-7
2024,6,BUF @ NYJ,-1.0,3.49,LEAN,home,LOST,23-20
2024,7,DEN @ NO,-2.5,3,LEAN,home,LOST,33-10
2024,7,NE @ JAX,6.5,7,LEAN,away,LOST,16-32
2024,7,TEN @ BUF,9.5,7,LEAN,away,LOST,10-34
2024,7,CIN @ CLE,-5.5,3,LEAN,home,LOST,21-14
2024,7,PHI @ NYG,-3.0,3,LEAN,home,LOST,28-3
2024,7,LV @ LA,7.0,7,LEAN,away,WON,15-20
2024,7,CAR @ WAS,10.0,7,LEAN,away,LOST,7-40
2024,7,NYJ @ PIT,-3.0,3,LEAN,home,WON,15-37
2024,7,BAL @ TB,-4.5,3,LEAN,home,LOST,41-31
2024,8,PHI @ CIN,2.5,6.13,LEAN,away,WON,37-17
2024,8,BAL @ CLE,-7.5,3,LEAN,home,WON,24-29
2024,8,TEN @ DET,12.5,7,LEAN,away,LOST,14-52
2024,8,IND @ HOU,5.0,6.82,LEAN,away,WON,20-23
2024,8,ARI @ MIA,4.0,7,LEAN,away,WON,28-27
2024,8,NYJ @ NE,-7.0,3,LEAN,home,WON,22-25
2024,8,ATL @ TB,-1.5,3,LEAN,home,LOST,31-26
2024,8,NO @ LAC,7.0,7,LEAN,away,LOST,8-26
2024,8,BUF @ SEA,-3.0,3.32,LEAN,home,LOST,31-10
2024,8,CAR @ DEN,13.0,7,LEAN,away,LOST,14-28
2024,8,KC @ LV,-9.0,3,LEAN,home,WON,27-20
2024,9,DEN @ BAL,9.0,7,LEAN,away,LOST,10-41
2024,9,NO @ CAR,-7.0,3,LEAN,home,WON,22-23
2024,9,LV @ CIN,8.0,7,LEAN,away,LOST,24-41
2024,9,WAS @ NYG,-4.5,3.75,LEAN,home,LOST,27-22
2024,9,JAX @ PHI,7.5,6.96,LEAN,away,WON,23-28
2024,9,DET @ GB,-2.5,3.17,LEAN,home,LOST,24-14
2024,9,LA @ SEA,-1.5,3,LEAN,home,LOST,26-20
2024,9,IND @ MIN,6.5,6.98,LEAN,away,LOST,13-21
2024,9,TB @ KC,9.0,7,LEAN,away,WON,24-30
2024,10,CIN @ BAL,6.0,7,LEAN,away,WON,34-35
2024,10,NYG @ CAR,-6.5,3,LEAN,home,WON,17-20
2024,10,NE @ CHI,6.5,6.67,LEAN,away,WON,19-3
2024,10,BUF @ IND,-4.5,3,LEAN,home,LOST,30-20
2024,10,MIN @ JAX,-7.0,3,LEAN,home,WON,12-7
2024,10,DEN @ KC,7.5,7,LEAN,away,WON,14-16
2024,10,ATL @ NO,-3.5,3,LEAN,home,WON,17-20
2024,10,SF @ TB,-6.5,3,LEAN,home,WON,23-20
2024,10,TEN @ LAC,8.0,7,LEAN,away,LOST,17-27
2024,10,NYJ @ ARI,-2.0,3.47,LEAN,home,WON,6-31
2024,10,PHI @ DAL,-7.5,3,LEAN,home,LOST,34-6
2024,10,DET @ HOU,-4.5,3,LEAN,home,WON,26-23
2024,11,WAS @ PHI,4.5,6.84,LEAN,away,LOST,18-26
2024,11,GB @ CHI,-6.0,3,LEAN,home,WON,20-19
2024,11,JAX @ DET,14.0,7,LEAN,away,LOST,6-52
2024,11,LV @ MIA,8.0,7,LEAN,away,LOST,19-34
2024,11,LA @ NE,-4.0,3,LEAN,home,LOST,28-22
2024,11,CLE @ NO,-1.0,3,LEAN,home,WON,14-35
2024,11,BAL @ PIT,-3.0,3,LEAN,home,WON,16-18
2024,11,MIN @ TEN,-6.0,3,LEAN,home,LOST,23-13
2024,11,SEA @ SF,6.0,6.53,LEAN,away,WON,20-17
2024,11,CIN @ LAC,1.0,3.15,LEAN,home,WON,27-34
2024,11,HOU @ DAL,-7.5,3,LEAN,home,LOST,34-10
2024,12,PIT @ CLE,-3.5,3.63,LEAN,home,WON,19-24
2024,12,KC @ CAR,-11.0,3,LEAN,home,WON,30-27
2024,12,TEN @ HOU,8.0,7,LEAN,away,WON,32-27
2024,12,DET @ IND,-7.0,3,LEAN,home,LOST,24-6
2024,12,NE @ MIA,7.5,7,LEAN,away,LOST,15-34
2024,12,TB @ NYG,-6.5,3,LEAN,home,LOST,30-7
2024,12,DAL @ WAS,10.5,7,LEAN,away,WON,34-26
2024,12,DEN @ LV,-6.5,3,LEAN,home,LOST,29-19
2024,12,SF @ GB,6.5,7,LEAN,away,LOST,10-38
2024,12,PHI @ LA,-3.0,3.92,LEAN,home,LOST,37-20
2024,12,BAL @ LAC,-3.0,3,LEAN,home,LOST,30-23
2024,13,CHI @ DET,9.5,7,LEAN,away,WON,20-23
2024,13,NYG @ DAL,4.5,7,LEAN,away,LOST,20-27
2024,13,LV @ KC,13.5,7,LEAN,away,WON,17-19
2024,13,PIT @ CIN,3.0,6.55,LEAN,away,WON,44-38
2024,13,IND @ NE,-2.5,3.17,LEAN,home,WON,25-24
2024,13,TEN @ WAS,6.0,6.47,LEAN,away,LOST,19-42
2024,13,TB @ CAR,-6.5,3,LEAN,home,WON,26-23
2024,13,LA @ NO,-2.5,3,LEAN,home,LOST,21-14
2024,13,PHI @ BAL,3.0,6.46,LEAN,away,WON,24-19
2024,13,SF @ BUF,6.5,7,LEAN,away,LOST,10-35
2024,13,CLE @ DEN,6.5,6.27,LEAN,away,LOST,32-41
2024,14,NYJ @ MIA,6.5,7,LEAN,away,WON,26-32
2024,14,ATL @ MIN,6.0,6.04,LEAN,away,LOST,21-42
2024,14,NO @ NYG,-5.5,3,LEAN,home,WON,14-11
2024,14,CAR @ PHI,14.0,7,LEAN,away,WON,16-22
2024,14,CLE @ PIT,6.0,6.11,LEAN,away,LOST,14-27
2024,14,LV @ TB,7.0,7,LEAN,away,LOST,13-28
2024,14,BUF @ LA,-3.5,3.95,LEAN,home,WON,42-44
2024,14,LAC @ KC,5.0,7,LEAN,away,WON,17-19
2024,14,CIN @ DAL,-5.0,3,LEAN,home,LOST,27-20
2024,15,KC @ CLE,-4.5,3,LEAN,home,LOST,21-7
2024,15,NYJ @ JAX,-3.5,3.36,LEAN,home,LOST,32-25
2024,15,WAS @ NO,-7.5,3,LEAN,home,WON,20-19
2024,15,BAL @ NYG,-16.5,3,LEAN,home,LOST,35-14
2024,15,CIN @ TEN,-6.0,3,LEAN,home,LOST,37-27
2024,15,NE @ ARI,6.0,6.76,LEAN,away,LOST,17-30
2024,15,PIT @ PHI,5.5,6.7,LEAN,away,LOST,13-27
2024,15,GB @ SEA,-3.0,3.27,LEAN,home,LOST,30-13
2024,15,CHI @ MIN,7.0,6.14,LEAN,away,LOST,12-30
2024,15,ATL @ LV,-6.5,3,LEAN,home,WON,15-9
2024,16,DEN @ LAC,3.0,6.64,LEAN,away,LOST,27-34
2024,16,HOU @ KC,3.5,6.06,LEAN,away,LOST,19-27
2024,16,PIT @ BAL,7.0,7,LEAN,away,LOST,17-34
2024,16,NYG @ ATL,9.5,7,LEAN,away,LOST,7-34
2024,16,ARI @ CAR,-5.5,3,LEAN,home,WON,30-36
2024,16,DET @ CHI,-7.0,3,LEAN,home,LOST,34-17
2024,16,CLE @ CIN,10.0,7,LEAN,away,LOST,6-24
2024,16,TEN @ IND,4.0,6.31,LEAN,away,LOST,30-38
2024,16,LA @ NYJ,-3.0,3,LEAN,home,LOST,19-9
2024,16,PHI @ WAS,-4.0,3,LEAN,home,WON,33-36
2024,16,NE @ BUF,14.0,7,LEAN,away,WON,21-24
2024,16,SF @ MIA,-2.0,3.58,LEAN,home,WON,17-29
2024,16,TB @ DAL,-4.5,3,LEAN,home,WON,24-26
2024,16,NO @ GB,14.0,7,LEAN,away,LOST,0-34
2024,17,KC @ PIT,-3.0,3,LEAN,home,LOST,29-10
2024,17,BAL @ HOU,-5.5,3,LEAN,home,LOST,31-2
2024,17,SEA @ CHI,-3.5,3,LEAN,home,WON,6-3
2024,17,LAC @ NE,-6.0,3,LEAN,home,LOST,40-7
2024,17,DEN @ CIN,3.5,7,LEAN,away,LOST,24-30
2024,17,ARI @ LA,6.5,7,LEAN,away,WON,9-13
2024,17,NYJ @ BUF,10.0,7,LEAN,away,LOST,14-40
2024,17,LV @ NO,-2.0,3,LEAN,home,LOST,25-10
2024,17,IND @ NYG,-7.5,3,LEAN,home,WON,33-45
2024,17,CAR @ TB,9.5,7,LEAN,away,LOST,14-48
2024,17,MIA @ CLE,-3.0,3,LEAN,home,LOST,20-3
2024,17,GB @ MIN,-1.0,3.36,LEAN,home,WON,25-27
2024,17,DET @ SF,-4.0,3,LEAN,home,LOST,40-34
2024,18,CLE @ BAL,19.5,7,LEAN,away,LOST,10-35
2024,18,CIN @ PIT,-2.5,3,LEAN,home,WON,19-17
2024,18,CAR @ ATL,7.5,6.92,LEAN,away,WON,44-38
2024,18,WAS @ DAL,-7.0,3,LEAN,home,WON,23-19
2024,18,CHI @ GB,10.0,7,LEAN,away,WON,24-22
2024,18,NYG @ PHI,3.0,3,LEAN,home,WON,13-20
2024,18,NO @ TB,14.5,7,LEAN,away,WON,19-27
2024,18,HOU @ TEN,2.5,6.72,LEAN,away,WON,23-14
2024,18,SF @ ARI,4.5,7,LEAN,away,LOST,24-47
2024,18,KC @ DEN,10.5,7,LEAN,away,LOST,0-38
2024,18,SEA @ LA,-7.5,3,LEAN,home,WON,30-25
2024,18,LAC @ LV,-7.0,3,LEAN,home,LOST,34-20
2024,18,MIN @ DET,3.0,6.24,LEAN,away,LOST,9-31
2025,3,MIA @ BUF,12.5,7,LEAN,away,WON,21-31
2025,3,ATL @ CAR,-5.5,3.33,LEAN,home,WON,0-30
2025,3,GB @ CLE,-8.5,3,LEAN,home,WON,10-13
2025,3,HOU @ JAX,1.5,3,LEAN,home,WON,10-17
2025,3,CIN @ MIN,3.0,7,LEAN,away,LOST,10-48
2025,3,PIT @ NE,-1.5,3,LEAN,home,LOST,21-14
2025,3,LA @ PHI,3.5,7,LEAN,away,LOST,26-33
2025,3,NYJ @ TB,6.5,6.5,LEAN,away,WON,27-29
2025,3,IND @ TEN,-6.0,3.58,LEAN,home,LOST,41-20
2025,3,NO @ SEA,7.5,7,LEAN,away,LOST,13-44
2025,3,DAL @ CHI,-1.5,3.83,LEAN,home,WON,14-31
2025,3,KC @ NYG,-6.0,3,LEAN,home,LOST,22-9
2025,3,DET @ BAL,4.5,6.18,LEAN,away,WON,38-30
2025,4,SEA @ ARI,-1.5,3.02,LEAN,home,LOST,23-20
2025,4,MIN @ PIT,-2.5,3.42,LEAN,home,WON,21-24
2025,4,WAS @ ATL,2.5,6.13,LEAN,away,LOST,27-34
2025,4,NO @ BUF,15.5,7,LEAN,away,WON,19-31
2025,4,CLE @ DET,10.0,7,LEAN,away,LOST,10-34
2025,4,TEN @ HOU,7.5,6.78,LEAN,away,LOST,0-26
2025,4,CAR @ NE,5.5,7,LEAN,away,LOST,13-42
2025,4,LAC @ NYG,-6.0,3,LEAN,home,WON,18-21
2025,4,PHI @ TB,-3.5,3,LEAN,home,LOST,31-25
2025,4,IND @ LA,3.5,7,LEAN,away,LOST,20-27
2025,4,JAX @ SF,3.5,6.69,LEAN,away,WON,26-21
2025,4,BAL @ KC,-2.5,3,LEAN,home,WON,20-37
2025,4,GB @ DAL,-7.0,3,LEAN,home,WON,40-40
2025,4,NYJ @ MIA,2.5,6.65,LEAN,away,LOST,21-27
2025,4,CIN @ DEN,7.5,6.42,LEAN,away,LOST,3-28
2025,5,SF @ LA,8.5,7,LEAN,away,WON,26-23
2025,5,MIN @ CLE,-3.5,3,LEAN,home,LOST,21-17
2025,5,HOU @ BAL,-2.5,3.26,LEAN,home,LOST,44-10
2025,5,MIA @ CAR,-1.5,3,LEAN,home,WON,24-27
2025,5,LV @ IND,7.0,6.16,LEAN,away,LOST,6-40
2025,5,DEN @ PHI,3.5,7,LEAN,away,WON,21-17
2025,5,TB @ SEA,3.5,6.32,LEAN,away,WON,38-35
2025,5,DET @ CIN,-10.5,3,LEAN,home,LOST,37-24
2025,5,NE @ BUF,7.5,7,LEAN,away,WON,23-20
2025,5,KC @ JAX,-3.5,3,LEAN,home,WON,28-31
2025,6,PHI @ NYG,-7.0,3,LEAN,home,WON,17-34
2025,6,DEN @ NYJ,-7.5,3,LEAN,home,WON,13-11
2025,6,LA @ BAL,-7.0,3,LEAN,home,LOST,17-3
2025,6,DAL @ CAR,-3.0,3,LEAN,home,WON,27-30
2025,6,ARI @ IND,8.5,7,LEAN,away,WON,27-31
2025,6,SEA @ JAX,-1.5,3.02,LEAN,home,LOST,20-12
2025,6,LAC @ MIA,-3.5,3.39,LEAN,home,WON,29-27
2025,6,NE @ NO,-3.5,3,LEAN,home,LOST,25-19
2025,6,CLE @ PIT,5.5,7,LEAN,away,LOST,9-23
2025,6,CIN @ GB,14.0,7,LEAN,away,WON,18-27
2025,6,SF @ TB,3.5,6.25,LEAN,away,LOST,19-30
2025,6,DET @ KC,2.5,6.28,LEAN,away,LOST,17-30
2025,6,BUF @ ATL,-3.5,3,LEAN,home,WON,14-24
2025,6,CHI @ WAS,5.5,6.79,LEAN,away,WON,25-24
2025,7,PIT @ CIN,-5.5,3,LEAN,home,WON,31-33
2025,7,LA @ JAX,-3.0,3,LEAN,home,LOST,35-7
2025,7,NO @ CHI,4.5,6.21,LEAN,away,LOST,14-26
2025,7,LV @ KC,13.5,7,LEAN,away,LOST,0-31
2025,7,PHI @ MIN,-2.5,3,LEAN,home,LOST,28-22
2025,7,NE @ TEN,-6.5,3,LEAN,home,LOST,31-13
2025,7,NYG @ DEN,7.5,6.12,LEAN,away,WON,32-33
2025,7,IND @ LAC,2.5,7,LEAN,away,WON,38-24
2025,7,GB @ ARI,-7.0,3,LEAN,home,WON,27-23
2025,7,TB @ DET,6.0,7,LEAN,away,LOST,9-24
2025,7,HOU @ SEA,3.0,7,LEAN,away,LOST,19-27
2025,8,MIA @ ATL,7.0,6.17,LEAN,away,WON,34-10
2025,8,CHI @ BAL,2.5,7,LEAN,away,LOST,16-30
2025,8,BUF @ CAR,-7.0,3,LEAN,home,LOST,40-9
2025,8,NYJ @ CIN,5.5,7,LEAN,away,WON,39-38
2025,8,CLE @ NE,7.0,7,LEAN,away,LOST,13-32
2025,8,NYG @ PHI,7.0,7,LEAN,away,LOST,20-38
2025,8,TB @ NO,-4.5,3,LEAN,home,LOST,23-3
2025,8,TEN @ IND,15.5,7,LEAN,away,LOST,14-38
2025,8,GB @ PIT,-3.0,3,LEAN,home,LOST,35-25
2025,8,WAS @ KC,10.5,7,LEAN,away,LOST,7-28
2025,9,BAL @ MIA,-7.5,3,LEAN,home,LOST,28-6
2025,9,MIN @ DET,9.5,7,LEAN,away,WON,27-24
2025,9,CAR @ GB,12.5,7,LEAN,away,WON,16-13
2025,9,ATL @ NE,5.5,6.53,LEAN,away,WON,23-24
2025,9,SF @ NYG,-2.5,3.18,LEAN,home,LOST,34-24
2025,9,LAC @ TEN,-10.0,3,LEAN,home,WON,27-20
2025,9,NO @ LA,14.0,7,LEAN,away,LOST,10-34
2025,9,JAX @ LV,-2.5,3.98,LEAN,home,WON,30-29
2025,9,KC @ BUF,-2.5,3.51,LEAN,home,WON,21-28
2025,9,SEA @ WAS,-2.5,3.61,LEAN,home,LOST,38-14
2025,9,ARI @ DAL,3.5,6.7,LEAN,away,WON,27-17
2025,10,LV @ DEN,9.5,7,LEAN,away,WON,7-10
2025,10,ATL @ IND,6.5,6.43,LEAN,away,WON,25-31
2025,10,NO @ CAR,5.5,7,LEAN,away,WON,17-7
2025,10,JAX @ HOU,-1.5,3,LEAN,home,WON,29-36
2025,10,BUF @ MIA,-8.5,3,LEAN,home,WON,13-30
2025,10,BAL @ MIN,-4.5,3,LEAN,home,LOST,27-19
2025,10,CLE @ NYJ,-1.5,3.53,LEAN,home,WON,20-27
2025,10,ARI @ SEA,7.0,7,LEAN,away,LOST,22-44
2025,10,LA @ SF,-5.5,3,LEAN,home,LOST,42-26
2025,10,DET @ WAS,-8.5,3,LEAN,home,LOST,44-22
2025,11,NYJ @ NE,12.5,7,LEAN,away,LOST,14-27
2025,11,TB @ BUF,6.0,7,LEAN,away,LOST,32-44
2025,11,LAC @ JAX,-3.0,3.01,LEAN,home,WON,6-35
2025,11,CHI @ MIN,3.0,7,LEAN,away,WON,19-17
2025,11,GB @ NYG,-7.5,3,LEAN,home,WON,27-20
2025,11,CIN @ PIT,5.5,6.06,LEAN,away,LOST,12-34
2025,11,SF @ ARI,-3.5,3,LEAN,home,LOST,41-22
2025,11,BAL @ CLE,-7.5,3,LEAN,home,WON,23-16
2025,11,KC @ DEN,-3.5,3,LEAN,home,WON,19-22
2025,11,DET @ PHI,2.5,6.5,LEAN,away,LOST,9-16
2025,11,DAL @ LV,-3.5,3,LEAN,home,LOST,33-16
2025,12,BUF @ HOU,-5.5,3,LEAN,home,WON,19-23
2025,12,NYJ @ BAL,14.0,7,LEAN,away,WON,10-23
2025,12,NE @ CIN,-7.5,3,LEAN,home,WON,26-20
2025,12,NYG @ DET,14.0,7,LEAN,away,WON,27-34
2025,12,MIN @ GB,6.5,6.44,LEAN,away,LOST,6-23
2025,12,IND @ KC,3.5,6.4,LEAN,away,WON,20-23
2025,12,SEA @ TEN,-12.5,3,LEAN,home,WON,30-24
2025,12,JAX @ ARI,-2.5,3.08,LEAN,home,LOST,27-24
2025,12,CLE @ LV,3.0,6.72,LEAN,away,WON,24-10
2025,12,PHI @ DAL,-3.0,3.05,LEAN,home,WON,21-24
2025,12,TB @ LA,7.0,7,LEAN,away,LOST,7-34
2025,12,CAR @ SF,7.5,7,LEAN,away,LOST,9-20
2025,13,KC @ DAL,-3.5,3.73,LEAN,home,WON,28-31
2025,13,CIN @ BAL,7.0,6.33,LEAN,away,WON,32-14
2025,13,CHI @ PHI,7.0,7,LEAN,away,WON,24-15
2025,13,LA @ CAR,-10.0,3,LEAN,home,WON,28-31
2025,13,SF @ CLE,-5.5,3,LEAN,home,LOST,26-8
2025,13,NO @ MIA,5.5,7,LEAN,away,WON,17-21
2025,13,ATL @ NYJ,-3.0,3.49,LEAN,home,WON,24-27
2025,13,ARI @ TB,4.5,6.95,LEAN,away,WON,17-20
2025,13,JAX @ TEN,-6.0,3,LEAN,home,LOST,25-3
2025,13,MIN @ SEA,12.5,7,LEAN,away,LOST,0-26
2025,13,LV @ LAC,10.0,7,LEAN,away,LOST,14-31
2025,13,BUF @ PIT,-3.0,3,LEAN,home,LOST,26-7
2025,13,DEN @ WAS,-6.5,3,LEAN,home,WON,27-26
2025,13,NYG @ NE,7.0,6.51,LEAN,away,LOST,15-33
2025,14,SEA @ ATL,-7.0,3,LEAN,home,LOST,37-9
2025,14,PIT @ BAL,5.5,7,LEAN,away,WON,27-22
2025,14,IND @ JAX,-2.5,3.32,LEAN,home,WON,19-36
2025,14,WAS @ MIN,-1.5,3.16,LEAN,home,WON,0-31
2025,14,MIA @ NYJ,-2.5,3.16,LEAN,home,LOST,34-10
2025,14,NO @ TB,7.5,7,LEAN,away,WON,24-20
2025,14,DEN @ LV,-8.5,3,LEAN,home,WON,24-17
2025,14,LA @ ARI,-9.5,3,LEAN,home,LOST,45-17
2025,14,CHI @ GB,6.5,7,LEAN,away,LOST,21-28
2025,14,HOU @ KC,4.5,6.82,LEAN,away,WON,20-10
2025,14,PHI @ LAC,-1.5,3,LEAN,home,WON,19-22
2025,15,ATL @ TB,6.0,7,LEAN,away,WON,29-28
2025,15,CLE @ CHI,7.5,7,LEAN,away,LOST,3-31
2025,15,BAL @ CIN,-2.5,3.88,LEAN,home,LOST,24-0
2025,15,ARI @ HOU,10.5,7,LEAN,away,LOST,20-40
2025,15,NYJ @ JAX,13.5,7,LEAN,away,LOST,20-48
2025,15,LAC @ KC,5.5,7,LEAN,away,WON,16-13
2025,15,BUF @ NE,-2.5,3,LEAN,home,LOST,35-31
2025,15,LV @ PHI,12.5,7,LEAN,away,LOST,0-31
2025,15,GB @ DEN,-1.5,3,LEAN,home,WON,26-34
2025,15,DET @ LA,5.5,6.98,LEAN,away,LOST,34-41
2025,15,CAR @ NO,-2.5,3,LEAN,home,WON,17-20
2025,15,IND @ SEA,13.5,7,LEAN,away,WON,16-18
2025,15,TEN @ SF,12.5,7,LEAN,away,LOST,24-37
2025,15,MIN @ DAL,5.5,7,LEAN,away,WON,34-26
2025,15,MIA @ PIT,3.0,6.02,LEAN,away,LOST,15-28
2025,16,PHI @ WAS,-7.0,3,LEAN,home,LOST,29-18
2025,16,TB @ CAR,-3.0,3,LEAN,home,WON,20-23
2025,16,BUF @ CLE,-10.5,3,LEAN,home,WON,23-20
2025,16,LAC @ DAL,1.5,6.34,LEAN,away,WON,34-17
2025,16,CIN @ MIA,-3.5,3,LEAN,home,LOST,45-21
2025,16,NYJ @ NO,6.5,6.83,LEAN,away,LOST,6-29
2025,16,MIN @ NYG,-2.5,3,LEAN,home,LOST,16-13
2025,16,ATL @ ARI,-2.5,3,LEAN,home,LOST,26-19
2025,16,PIT @ DET,7.5,7,LEAN,away,WON,29-24
2025,16,LV @ HOU,14.5,7,LEAN,away,WON,21-23
2025,16,NE @ BAL,3.5,7,LEAN,away,WON,28-24
2025,16,SF @ IND,-4.5,3,LEAN,home,LOST,48-27
2025,17,DAL @ WAS,-8.5,3,LEAN,home,WON,30-23
2025,17,DET @ MIN,-7.0,3,LEAN,home,WON,10-23
2025,17,DEN @ KC,-13.5,3,LEAN,home,WON,20-13
2025,17,SEA @ CAR,-6.5,3,LEAN,home,LOST,27-10
2025,17,ARI @ CIN,7.0,7,LEAN,away,LOST,14-37
2025,17,PIT @ CLE,-4.5,3,LEAN,home,WON,6-13
2025,17,JAX @ IND,-3.5,3,LEAN,home,LOST,23-17
2025,17,TB @ MIA,-5.5,3,LEAN,home,WON,17-20
2025,17,NE @ NYJ,-12.5,3,LEAN,home,LOST,42-10
2025,17,NYG @ LV,-3.0,3,LEAN,home,LOST,34-10
2025,17,PHI @ BUF,3.0,6.26,LEAN,away,WON,13-12
2025,17,CHI @ SF,3.5,6.69,LEAN,away,LOST,38-42
2025,17,LA @ ATL,-7.5,3,LEAN,home,WON,24-27
2025,18,SEA @ SF,-2.5,3.53,LEAN,home,LOST,13-3
2025,18,NO @ ATL,4.5,6.96,LEAN,away,WON,17-19
2025,18,CLE @ CIN,9.5,7,LEAN,away,WON,20-18
2025,18,IND @ HOU,9.5,7,LEAN,away,WON,30-38
2025,18,TEN @ JAX,12.5,7,LEAN,away,LOST,7-41
2025,18,GB @ MIN,12.5,7,LEAN,away,LOST,3-16
2025,18,DAL @ NYG,-3.0,3,LEAN,home,WON,17-34
2025,18,NYJ @ BUF,12.5,7,LEAN,away,LOST,8-35
2025,18,DET @ CHI,3.5,6.25,LEAN,away,WON,19-16
2025,18,LAC @ DEN,14.5,7,LEAN,away,LOST,3-19
2025,18,ARI @ LA,14.5,7,LEAN,away,LOST,20-37
2025,18,MIA @ NE,14.0,7,LEAN,away,LOST,10-38
2025,18,WAS @ PHI,3.0,3.45,LEAN,home,LOST,24-17
2025,18,BAL @ PIT,-4.5,3,LEAN,home,WON,24-26
