week,matchup,spread_line_home,score,tier,pick,outcome,final
3,MIA @ BUF,12.5,7,LEAN,away,WON,21-31
3,ATL @ CAR,-5.5,3,LEAN,home,WON,0-30
3,GB @ CLE,-8.5,3,LEAN,home,WON,10-13
3,HOU @ JAX,1.5,3.99,LEAN,home,WON,10-17
3,CIN @ MIN,3.0,7,LEAN,away,LOST,10-48
3,PIT @ NE,-1.5,3,LEAN,home,LOST,21-14
3,LA @ PHI,3.5,6.91,LEAN,away,LOST,26-33
3,NYJ @ TB,6.5,7,LEAN,away,WON,27-29
3,IND @ TEN,-6.0,3,LEAN,home,LOST,41-20
3,NO @ SEA,7.5,7,LEAN,away,LOST,13-44
3,KC @ NYG,-6.0,3,LEAN,home,LOST,22-9
3,DET @ BAL,4.5,6.47,LEAN,away,WON,38-30
4,SEA @ ARI,-1.5,3,LEAN,home,LOST,23-20
4,MIN @ PIT,-2.5,3,LEAN,home,WON,21-24
4,WAS @ ATL,2.5,6.7,LEAN,away,LOST,27-34
4,NO @ BUF,15.5,7,LEAN,away,WON,19-31
4,CLE @ DET,10.0,7,LEAN,away,LOST,10-34
4,TEN @ HOU,7.5,7,LEAN,away,LOST,0-26
4,CAR @ NE,5.5,6.96,LEAN,away,LOST,13-42
4,LAC @ NYG,-6.0,3,LEAN,home,WON,18-21
4,PHI @ TB,-3.5,3,LEAN,home,LOST,31-25
4,IND @ LA,3.5,7,LEAN,away,LOST,20-27
4,JAX @ SF,3.5,6.33,LEAN,away,WON,26-21
4,BAL @ KC,-2.5,3.12,LEAN,home,WON,20-37
4,GB @ DAL,-7.0,3,LEAN,home,WON,40-40
4,CIN @ DEN,7.5,7,LEAN,away,LOST,3-28
5,SF @ LA,8.5,7,LEAN,away,WON,26-23
5,MIN @ CLE,-3.5,3,LEAN,home,LOST,21-17
5,HOU @ BAL,-2.5,3,LEAN,home,LOST,44-10
5,MIA @ CAR,-1.5,3.76,LEAN,home,WON,24-27
5,LV @ IND,7.0,6.56,LEAN,away,LOST,6-40
5,DEN @ PHI,3.5,6.65,LEAN,away,WON,21-17
5,TEN @ ARI,7.5,7,LEAN,away,WON,22-21
5,TB @ SEA,3.5,6.36,LEAN,away,WON,38-35
5,DET @ CIN,-10.5,3,LEAN,home,LOST,37-24
5,WAS @ LAC,2.5,6.23,LEAN,away,WON,27-10
5,NE @ BUF,7.5,7,LEAN,away,WON,23-20
5,KC @ JAX,-3.5,3,LEAN,home,WON,28-31
6,PHI @ NYG,-7.0,3,LEAN,home,WON,17-34
6,DEN @ NYJ,-7.5,3,LEAN,home,WON,13-11
6,LA @ BAL,-7.0,3,LEAN,home,LOST,17-3
6,DAL @ CAR,-3.0,3.39,LEAN,home,WON,27-30
6,ARI @ IND,8.5,7,LEAN,away,WON,27-31
6,SEA @ JAX,-1.5,3.52,LEAN,home,LOST,20-12
6,LAC @ MIA,-3.5,3,LEAN,home,WON,29-27
6,NE @ NO,-3.5,3,LEAN,home,LOST,25-19
6,CLE @ PIT,5.5,6.36,LEAN,away,LOST,9-23
6,CIN @ GB,14.0,7,LEAN,away,WON,18-27
6,BUF @ ATL,-3.5,3,LEAN,home,WON,14-24
6,CHI @ WAS,5.5,6.67,LEAN,away,WON,25-24
7,PIT @ CIN,-5.5,3,LEAN,home,WON,31-33
7,LA @ JAX,-3.0,3,LEAN,home,LOST,35-7
7,NO @ CHI,4.5,6.68,LEAN,away,LOST,14-26
7,MIA @ CLE,2.5,7,LEAN,away,LOST,6-31
7,LV @ KC,13.5,7,LEAN,away,LOST,0-31
7,PHI @ MIN,-2.5,3,LEAN,home,LOST,28-22
7,NE @ TEN,-6.5,3,LEAN,home,LOST,31-13
7,NYG @ DEN,7.5,7,LEAN,away,WON,32-33
7,IND @ LAC,2.5,7,LEAN,away,WON,38-24
7,GB @ ARI,-7.0,3,LEAN,home,WON,27-23
7,TB @ DET,6.0,7,LEAN,away,LOST,9-24
8,MIA @ ATL,7.0,7,LEAN,away,WON,34-10
8,BUF @ CAR,-7.0,3,LEAN,home,LOST,40-9
8,NYJ @ CIN,5.5,7,LEAN,away,WON,39-38
8,CLE @ NE,7.0,6.49,LEAN,away,LOST,13-32
8,NYG @ PHI,7.0,7,LEAN,away,LOST,20-38
8,TB @ NO,-4.5,3,LEAN,home,LOST,23-3
8,DAL @ DEN,3.5,7,LEAN,away,LOST,24-44
8,TEN @ IND,15.5,7,LEAN,away,LOST,14-38
8,GB @ PIT,-3.0,3,LEAN,home,LOST,35-25
8,WAS @ KC,10.5,7,LEAN,away,LOST,7-28
9,BAL @ MIA,-7.5,3,LEAN,home,LOST,28-6
9,CHI @ CIN,-3.0,3,LEAN,home,LOST,47-42
9,MIN @ DET,9.5,7,LEAN,away,WON,27-24
9,CAR @ GB,12.5,7,LEAN,away,WON,16-13
9,ATL @ NE,5.5,6.55,LEAN,away,WON,23-24
9,SF @ NYG,-2.5,3,LEAN,home,LOST,34-24
9,IND @ PIT,-3.5,3,LEAN,home,WON,20-27
9,LAC @ TEN,-10.0,3,LEAN,home,WON,27-20
9,NO @ LA,14.0,7,LEAN,away,LOST,10-34
9,JAX @ LV,-2.5,3.58,LEAN,home,WON,30-29
9,KC @ BUF,-2.5,3,LEAN,home,WON,21-28
9,SEA @ WAS,-2.5,3,LEAN,home,LOST,38-14
10,LV @ DEN,9.5,7,LEAN,away,WON,7-10
10,ATL @ IND,6.5,6.54,LEAN,away,WON,25-31
10,NO @ CAR,5.5,6.98,LEAN,away,WON,17-7
10,NYG @ CHI,4.5,6.27,LEAN,away,WON,20-24
10,JAX @ HOU,-1.5,3.06,LEAN,home,WON,29-36
10,BUF @ MIA,-8.5,3,LEAN,home,WON,13-30
10,BAL @ MIN,-4.5,3,LEAN,home,LOST,27-19
10,CLE @ NYJ,-1.5,3,LEAN,home,WON,20-27
10,NE @ TB,2.5,6.23,LEAN,away,WON,28-23
10,ARI @ SEA,7.0,7,LEAN,away,LOST,22-44
10,LA @ SF,-5.5,3,LEAN,home,LOST,42-26
10,DET @ WAS,-8.5,3,LEAN,home,LOST,44-22
11,NYJ @ NE,12.5,7,LEAN,away,LOST,14-27
11,CAR @ ATL,4.5,6.73,LEAN,away,WON,30-27
11,TB @ BUF,6.0,7,LEAN,away,LOST,32-44
11,LAC @ JAX,-3.0,3,LEAN,home,WON,6-35
11,CHI @ MIN,3.0,7,LEAN,away,WON,19-17
11,GB @ NYG,-7.5,3,LEAN,home,WON,27-20
11,CIN @ PIT,5.5,7,LEAN,away,LOST,12-34
11,HOU @ TEN,-5.5,3,LEAN,home,WON,16-13
11,SF @ ARI,-3.5,3,LEAN,home,LOST,41-22
11,BAL @ CLE,-7.5,3,LEAN,home,WON,23-16
11,KC @ DEN,-3.5,3,LEAN,home,WON,19-22
11,DET @ PHI,2.5,6.31,LEAN,away,LOST,9-16
11,DAL @ LV,-3.5,3.97,LEAN,home,LOST,33-16
12,BUF @ HOU,-5.5,3,LEAN,home,WON,19-23
12,NYJ @ BAL,14.0,7,LEAN,away,WON,10-23
12,NE @ CIN,-7.5,3,LEAN,home,WON,26-20
12,NYG @ DET,14.0,7,LEAN,away,WON,27-34
12,MIN @ GB,6.5,6.28,LEAN,away,LOST,6-23
12,IND @ KC,3.5,6.69,LEAN,away,WON,20-23
12,SEA @ TEN,-12.5,3,LEAN,home,WON,30-24
12,JAX @ ARI,-2.5,3,LEAN,home,LOST,27-24
12,PHI @ DAL,-3.0,3,LEAN,home,WON,21-24
12,TB @ LA,7.0,7,LEAN,away,LOST,7-34
12,CAR @ SF,7.5,7,LEAN,away,LOST,9-20
13,KC @ DAL,-3.5,3,LEAN,home,WON,28-31
13,CIN @ BAL,7.0,7,LEAN,away,WON,32-14
13,CHI @ PHI,7.0,7,LEAN,away,WON,24-15
13,LA @ CAR,-10.0,3,LEAN,home,WON,28-31
13,SF @ CLE,-5.5,3,LEAN,home,LOST,26-8
13,NO @ MIA,5.5,6.61,LEAN,away,WON,17-21
13,ATL @ NYJ,-3.0,3,LEAN,home,WON,24-27
13,ARI @ TB,4.5,6.99,LEAN,away,WON,17-20
13,JAX @ TEN,-6.0,3,LEAN,home,LOST,25-3
13,MIN @ SEA,12.5,7,LEAN,away,LOST,0-26
13,LV @ LAC,10.0,7,LEAN,away,LOST,14-31
13,BUF @ PIT,-3.0,3,LEAN,home,LOST,26-7
13,DEN @ WAS,-6.5,3,LEAN,home,WON,27-26
13,NYG @ NE,7.0,7,LEAN,away,LOST,15-33
14,DAL @ DET,3.5,6.49,LEAN,away,LOST,30-44
14,SEA @ ATL,-7.0,3,LEAN,home,LOST,37-9
14,PIT @ BAL,5.5,7,LEAN,away,WON,27-22
14,CIN @ BUF,6.0,6.84,LEAN,away,WON,34-39
14,TEN @ CLE,4.5,6.95,LEAN,away,WON,31-29
14,IND @ JAX,-2.5,3.7,LEAN,home,WON,19-36
14,MIA @ NYJ,-2.5,3,LEAN,home,LOST,34-10
14,NO @ TB,7.5,7,LEAN,away,WON,24-20
14,DEN @ LV,-8.5,3,LEAN,home,WON,24-17
14,LA @ ARI,-9.5,3,LEAN,home,LOST,45-17
14,CHI @ GB,6.5,7,LEAN,away,LOST,21-28
14,PHI @ LAC,-1.5,3.12,LEAN,home,WON,19-22
15,ATL @ TB,6.0,7,LEAN,away,WON,29-28
15,CLE @ CHI,7.5,7,LEAN,away,LOST,3-31
15,BAL @ CIN,-2.5,3,LEAN,home,LOST,24-0
15,ARI @ HOU,10.5,7,LEAN,away,LOST,20-40
15,NYJ @ JAX,13.5,7,LEAN,away,LOST,20-48
15,LAC @ KC,5.5,6.68,LEAN,away,WON,16-13
15,BUF @ NE,-2.5,3,LEAN,home,LOST,35-31
15,LV @ PHI,12.5,7,LEAN,away,LOST,0-31
15,GB @ DEN,-1.5,3.7,LEAN,home,WON,26-34
15,DET @ LA,5.5,7,LEAN,away,LOST,34-41
15,CAR @ NO,-2.5,3.03,LEAN,home,WON,17-20
15,IND @ SEA,13.5,7,LEAN,away,WON,16-18
15,TEN @ SF,12.5,7,LEAN,away,LOST,24-37
16,PHI @ WAS,-7.0,3,LEAN,home,LOST,29-18
16,TB @ CAR,-3.0,3,LEAN,home,WON,20-23
16,BUF @ CLE,-10.5,3,LEAN,home,WON,23-20
16,CIN @ MIA,-3.5,3,LEAN,home,LOST,45-21
16,NYJ @ NO,6.5,7,LEAN,away,LOST,6-29
16,MIN @ NYG,-2.5,3,LEAN,home,LOST,16-13
16,KC @ TEN,-3.5,3.79,LEAN,home,WON,9-26
16,ATL @ ARI,-2.5,3,LEAN,home,LOST,26-19
16,PIT @ DET,7.5,7,LEAN,away,WON,29-24
16,LV @ HOU,14.5,7,LEAN,away,WON,21-23
16,NE @ BAL,3.5,7,LEAN,away,WON,28-24
16,SF @ IND,-4.5,3,LEAN,home,LOST,48-27
17,DAL @ WAS,-8.5,3,LEAN,home,WON,30-23
17,DET @ MIN,-7.0,3,LEAN,home,WON,10-23
17,DEN @ KC,-13.5,3,LEAN,home,WON,20-13
17,SEA @ CAR,-6.5,3,LEAN,home,LOST,27-10
17,ARI @ CIN,7.0,7,LEAN,away,LOST,14-37
17,PIT @ CLE,-4.5,3.01,LEAN,home,WON,6-13
17,JAX @ IND,-3.5,3,LEAN,home,LOST,23-17
17,TB @ MIA,-5.5,3,LEAN,home,WON,17-20
17,NE @ NYJ,-12.5,3,LEAN,home,LOST,42-10
17,NO @ TEN,-1.5,3.42,LEAN,home,LOST,34-26
17,NYG @ LV,-3.0,3.62,LEAN,home,LOST,34-10
17,CHI @ SF,3.5,6.1,LEAN,away,LOST,38-42
17,LA @ ATL,-7.5,3,LEAN,home,WON,24-27
18,SEA @ SF,-2.5,3,LEAN,home,LOST,13-3
18,NO @ ATL,4.5,6.37,LEAN,away,WON,17-19
18,CLE @ CIN,9.5,7,LEAN,away,WON,20-18
18,IND @ HOU,9.5,7,LEAN,away,WON,30-38
18,TEN @ JAX,12.5,7,LEAN,away,LOST,7-41
18,GB @ MIN,12.5,7,LEAN,away,LOST,3-16
18,DAL @ NYG,-3.0,3,LEAN,home,WON,17-34
18,NYJ @ BUF,12.5,7,LEAN,away,LOST,8-35
18,DET @ CHI,3.5,6.26,LEAN,away,WON,19-16
18,LAC @ DEN,14.5,7,LEAN,away,LOST,3-19
18,ARI @ LA,14.5,7,LEAN,away,LOST,20-37
18,KC @ LV,-3.5,3.93,LEAN,home,WON,12-14
18,MIA @ NE,14.0,7,LEAN,away,LOST,10-38
18,BAL @ PIT,-4.5,3,LEAN,home,WON,24-26
